transaction_id,customer_id,amount,mean_amount,std_amount,amount_zscore,is_unusual_amount,hour_anomaly,velocity_1h,velocity_24h,is_legitimate_unusual,status,scenario_id,claimed_merchant,actual_recipient_identity,identity_similarity_score,is_identity_mismatch,recipient_account_age_days,is_new_recipient,is_merchant_verified
TXN-00253,CUST-022,2145.88,2389.46,702.77,-0.3466,0,0,0,0,0,SUCCESS,SCN-001,Amazon India,Amazon Seller Services Pvt Ltd,0.4286,0,2000,0,1
TXN-00027,CUST-002,469.22,717.35,395.35,-0.6276,0,0,0,0,0,SUCCESS,SCN-001,Amazon India,Amazon Seller Services Pvt Ltd,0.4286,0,2000,0,1
TXN-00051,CUST-005,2219.73,2245.35,338.18,-0.0758,0,1,0,0,0,SUCCESS,SCN-001,BESCOM Electricity,Bangalore Electricity Supply Company Ltd,0.4828,0,1800,0,1
TXN-00148,CUST-014,981.77,1448.64,792.67,-0.589,0,1,0,0,0,SUCCESS,SCN-001,BESCOM Electricity,Bangalore Electricity Supply Company Ltd,0.4828,0,1800,0,1
TXN-00246,CUST-022,1916.24,2389.46,702.77,-0.6734,0,1,0,1,0,SUCCESS,SCN-001,BESCOM Electricity,Bangalore Electricity Supply Company Ltd,0.4828,0,1800,0,1
TXN-00554,CUST-048,2941.75,2815.92,694.09,0.1813,0,1,0,0,0,SUCCESS,SCN-001,BESCOM Electricity,Bangalore Electricity Supply Company Ltd,0.4828,0,1800,0,1
TXN-00463,CUST-040,1187.34,1196.19,439.79,-0.0201,0,0,0,0,0,SUCCESS,SCN-001,Amazon India,Amazon Seller Services Pvt Ltd,0.4286,0,2000,0,1
TXN-00310,CUST-027,2126.01,2404.91,455.38,-0.6125,0,0,0,0,0,SUCCESS,SCN-001,Amazon India,Amazon Seller Services Pvt Ltd,0.4286,0,2000,0,1
TXN-00477,CUST-042,600.99,735.81,561.29,-0.2402,0,0,0,0,0,SUCCESS,SCN-001,Amazon India,Amazon Seller Services Pvt Ltd,0.4286,0,2000,0,1
TXN-00523,CUST-045,1059.72,978.98,475.4,0.1698,0,1,0,0,0,SUCCESS,SCN-001,Amazon India,Amazon Seller Services Pvt Ltd,0.4286,0,2000,0,1
TXN-00129,CUST-012,1728.07,1425.45,246.65,1.2269,0,1,0,0,0,SUCCESS,SCN-001,Amazon India,Amazon Seller Services Pvt Ltd,0.4286,0,2000,0,1
TXN-00438,CUST-038,1793.43,517.98,595.49,2.1418,0,1,0,0,0,SUCCESS,SCN-001,Amazon India,Amazon Seller Services Pvt Ltd,0.4286,0,2000,0,1
TXN-00222,CUST-020,2663.68,2367.53,399.9,0.7406,0,1,0,0,0,SUCCESS,SCN-001,Amazon India,Amazon Seller Services Pvt Ltd,0.4286,0,2000,0,1
TXN-00286,CUST-025,2430.91,2377.19,638.02,0.0842,0,1,0,0,0,SUCCESS,SCN-001,BESCOM Electricity,Bangalore Electricity Supply Company Ltd,0.4828,0,1800,0,1
TXN-00471,CUST-041,1742.37,1940.53,270.1,-0.7337,0,1,0,0,0,SUCCESS,SCN-001,BESCOM Electricity,Bangalore Electricity Supply Company Ltd,0.4828,0,1800,0,1
TXN-00128,CUST-012,1047.55,1425.45,246.65,-1.5321,0,1,0,1,0,SUCCESS,SCN-001,BESCOM Electricity,Bangalore Electricity Supply Company Ltd,0.4828,0,1800,0,1
TXN-00033,CUST-003,685.35,1081.65,521.41,-0.7601,0,1,0,0,0,SUCCESS,SCN-001,BESCOM Electricity,Bangalore Electricity Supply Company Ltd,0.4828,0,1800,0,1
TXN-00299,CUST-026,987.61,1586.91,417.61,-1.4351,0,0,0,0,0,SUCCESS,SCN-001,BESCOM Electricity,Bangalore Electricity Supply Company Ltd,0.4828,0,1800,0,1
TXN-00044,CUST-004,2377.44,1548.8,414.45,1.9994,0,1,0,0,0,SUCCESS,SCN-001,Amazon India,Amazon Seller Services Pvt Ltd,0.4286,0,2000,0,1
TXN-00076,CUST-007,1026.8,1161.3,130.42,-1.0313,0,1,0,0,0,SUCCESS,SCN-001,BESCOM Electricity,Bangalore Electricity Supply Company Ltd,0.4828,0,1800,0,1
TXN-00311,CUST-027,2378.79,2404.91,455.38,-0.0574,0,1,0,0,0,SUCCESS,SCN-001,BESCOM Electricity,Bangalore Electricity Supply Company Ltd,0.4828,0,1800,0,1
TXN-00504,CUST-044,2380.7,1506.55,337.51,2.59,1,1,0,0,1,SUCCESS,SCN-001,Amazon India,Amazon Seller Services Pvt Ltd,0.4286,0,2000,0,1
TXN-00040,CUST-003,1113.55,1081.65,521.41,0.0612,0,1,0,1,0,SUCCESS,SCN-001,Amazon India,Amazon Seller Services Pvt Ltd,0.4286,0,2000,0,1
TXN-00498,CUST-043,2518.22,1667.56,610.35,1.3937,0,1,0,0,0,SUCCESS,SCN-001,BESCOM Electricity,Bangalore Electricity Supply Company Ltd,0.4828,0,1800,0,1
TXN-00376,CUST-033,2905.04,2149.38,762.79,0.9907,0,1,0,0,0,SUCCESS,SCN-001,BESCOM Electricity,Bangalore Electricity Supply Company Ltd,0.4828,0,1800,0,1
TXN-00526,CUST-045,444.82,978.98,475.4,-1.1236,0,1,0,0,0,SUCCESS,SCN-001,BESCOM Electricity,Bangalore Electricity Supply Company Ltd,0.4828,0,1800,0,1
TXN-00336,CUST-030,1803.42,1721.51,178.31,0.4594,0,0,0,0,0,SUCCESS,SCN-001,Amazon India,Amazon Seller Services Pvt Ltd,0.4286,0,2000,0,1
TXN-00049,CUST-005,2855.55,2245.35,338.18,1.8044,0,1,0,0,0,SUCCESS,SCN-001,BESCOM Electricity,Bangalore Electricity Supply Company Ltd,0.4828,0,1800,0,1
TXN-00322,CUST-028,2092.6,2022.43,206.99,0.339,0,1,0,0,0,SUCCESS,SCN-001,Amazon India,Amazon Seller Services Pvt Ltd,0.4286,0,2000,0,1
TXN-00064,CUST-006,701.93,755.53,365.95,-0.1465,0,1,0,0,0,SUCCESS,SCN-001,Amazon India,Amazon Seller Services Pvt Ltd,0.4286,0,2000,0,1
TXN-00172,CUST-016,3091.21,2554.51,663.53,0.8089,0,1,0,0,0,SUCCESS,SCN-001,BESCOM Electricity,Bangalore Electricity Supply Company Ltd,0.4828,0,1800,0,1
TXN-00258,CUST-023,2548.08,1991.02,369.34,1.5083,0,1,0,0,0,SUCCESS,SCN-001,Amazon India,Amazon Seller Services Pvt Ltd,0.4286,0,2000,0,1
TXN-00022,CUST-002,607.37,717.35,395.35,-0.2782,0,1,0,0,0,SUCCESS,SCN-001,BESCOM Electricity,Bangalore Electricity Supply Company Ltd,0.4828,0,1800,0,1
TXN-00396,CUST-035,2692.41,2282.37,379.29,1.0811,0,0,0,0,0,SUCCESS,SCN-001,Amazon India,Amazon Seller Services Pvt Ltd,0.4286,0,2000,0,1
TXN-00278,CUST-024,1082.82,1128.54,487.26,-0.0938,0,0,0,0,0,SUCCESS,SCN-001,Amazon India,Amazon Seller Services Pvt Ltd,0.4286,0,2000,0,1
TXN-00327,CUST-029,4115.42,2883.75,745.7,1.6517,0,0,0,0,0,SUCCESS,SCN-001,Amazon India,Amazon Seller Services Pvt Ltd,0.4286,0,2000,0,1
TXN-00107,CUST-010,1797.23,2153.16,641.15,-0.5551,0,1,0,0,0,SUCCESS,SCN-001,Amazon India,Amazon Seller Services Pvt Ltd,0.4286,0,2000,0,1
TXN-00132,CUST-012,1337.21,1425.45,246.65,-0.3578,0,1,0,0,0,SUCCESS,SCN-001,BESCOM Electricity,Bangalore Electricity Supply Company Ltd,0.4828,0,1800,0,1
TXN-00198,CUST-018,2226.53,2138.6,376.94,0.2333,0,1,0,0,0,SUCCESS,SCN-001,BESCOM Electricity,Bangalore Electricity Supply Company Ltd,0.4828,0,1800,0,1
TXN-00325,CUST-028,2191.93,2022.43,206.99,0.8189,0,1,0,1,0,SUCCESS,SCN-001,BESCOM Electricity,Bangalore Electricity Supply Company Ltd,0.4828,0,1800,0,1
TXN-00058,CUST-005,1902.15,2245.35,338.18,-1.0148,0,1,0,0,0,SUCCESS,SCN-001,Amazon India,Amazon Seller Services Pvt Ltd,0.4286,0,2000,0,1
TXN-00263,CUST-023,1515.52,1991.02,369.34,-1.2874,0,1,0,1,0,SUCCESS,SCN-001,BESCOM Electricity,Bangalore Electricity Supply Company Ltd,0.4828,0,1800,0,1
TXN-00408,CUST-036,3102.44,2749.04,416.04,0.8494,0,1,0,0,0,SUCCESS,SCN-001,BESCOM Electricity,Bangalore Electricity Supply Company Ltd,0.4828,0,1800,0,1
TXN-00478,CUST-042,50.0,735.81,561.29,-1.2218,0,1,0,0,0,SUCCESS,SCN-001,BESCOM Electricity,Bangalore Electricity Supply Company Ltd,0.4828,0,1800,0,1
TXN-00060,CUST-006,791.05,755.53,365.95,0.0971,0,1,0,0,0,SUCCESS,SCN-001,Amazon India,Amazon Seller Services Pvt Ltd,0.4286,0,2000,0,1
TXN-00460,CUST-040,1486.69,1196.19,439.79,0.6605,0,1,0,0,0,SUCCESS,SCN-001,BESCOM Electricity,Bangalore Electricity Supply Company Ltd,0.4828,0,1800,0,1
TXN-00120,CUST-011,1908.13,1450.32,417.39,1.0968,0,0,0,0,0,SUCCESS,SCN-001,BESCOM Electricity,Bangalore Electricity Supply Company Ltd,0.4828,0,1800,0,1
TXN-00282,CUST-025,2533.97,2377.19,638.02,0.2457,0,0,0,0,0,SUCCESS,SCN-001,BESCOM Electricity,Bangalore Electricity Supply Company Ltd,0.4828,0,1800,0,1
TXN-00512,CUST-044,1201.37,1506.55,337.51,-0.9042,0,0,0,0,0,SUCCESS,SCN-001,Amazon India,Amazon Seller Services Pvt Ltd,0.4286,0,2000,0,1
TXN-00055,CUST-005,2779.07,2245.35,338.18,1.5782,0,1,0,1,0,SUCCESS,SCN-001,BESCOM Electricity,Bangalore Electricity Supply Company Ltd,0.4828,0,1800,0,1
TXN-00275,CUST-024,1018.12,1128.54,487.26,-0.2266,0,1,0,0,0,SUCCESS,SCN-001,BESCOM Electricity,Bangalore Electricity Supply Company Ltd,0.4828,0,1800,0,1
TXN-00350,CUST-031,179.42,644.81,714.61,-0.6513,0,1,0,0,0,SUCCESS,SCN-001,BESCOM Electricity,Bangalore Electricity Supply Company Ltd,0.4828,0,1800,0,1
TXN-00236,CUST-021,1635.21,1048.3,798.28,0.7352,0,1,0,0,0,SUCCESS,SCN-001,BESCOM Electricity,Bangalore Electricity Supply Company Ltd,0.4828,0,1800,0,1
TXN-00400,CUST-035,2272.13,2282.37,379.29,-0.027,0,1,0,0,0,SUCCESS,SCN-001,Amazon India,Amazon Seller Services Pvt Ltd,0.4286,0,2000,0,1
TXN-00548,CUST-048,3321.05,2815.92,694.09,0.7278,0,0,0,0,0,SUCCESS,SCN-001,BESCOM Electricity,Bangalore Electricity Supply Company Ltd,0.4828,0,1800,0,1
TXN-00024,CUST-002,456.14,717.35,395.35,-0.6607,0,0,0,0,0,SUCCESS,SCN-001,BESCOM Electricity,Bangalore Electricity Supply Company Ltd,0.4828,0,1800,0,1
TXN-00106,CUST-010,1488.7,2153.16,641.15,-1.0364,0,0,0,0,0,SUCCESS,SCN-001,BESCOM Electricity,Bangalore Electricity Supply Company Ltd,0.4828,0,1800,0,1
TXN-00127,CUST-012,1543.38,1425.45,246.65,0.4781,0,1,0,0,0,SUCCESS,SCN-001,Amazon India,Amazon Seller Services Pvt Ltd,0.4286,0,2000,0,1
TXN-00347,CUST-030,1917.07,1721.51,178.31,1.0967,0,1,0,0,0,SUCCESS,SCN-001,BESCOM Electricity,Bangalore Electricity Supply Company Ltd,0.4828,0,1800,0,1
TXN-00118,CUST-011,1858.73,1450.32,417.39,0.9785,0,1,0,0,0,SUCCESS,SCN-001,BESCOM Electricity,Bangalore Electricity Supply Company Ltd,0.4828,0,1800,0,1
TXN-00189,CUST-017,50.0,1027.46,760.04,-1.2861,0,1,0,0,0,SUCCESS,SCN-001,BESCOM Electricity,Bangalore Electricity Supply Company Ltd,0.4828,0,1800,0,1
TXN-00323,CUST-028,1573.05,2022.43,206.99,-2.171,0,1,0,0,0,SUCCESS,SCN-001,BESCOM Electricity,Bangalore Electricity Supply Company Ltd,0.4828,0,1800,0,1
TXN-00251,CUST-022,1969.55,2389.46,702.77,-0.5975,0,1,0,0,0,SUCCESS,SCN-001,Amazon India,Amazon Seller Services Pvt Ltd,0.4286,0,2000,0,1
TXN-00164,CUST-015,1635.19,2211.54,690.0,-0.8353,0,0,0,0,0,SUCCESS,SCN-001,BESCOM Electricity,Bangalore Electricity Supply Company Ltd,0.4828,0,1800,0,1
TXN-00272,CUST-024,881.47,1128.54,487.26,-0.5071,0,0,0,0,0,SUCCESS,SCN-001,Amazon India,Amazon Seller Services Pvt Ltd,0.4286,0,2000,0,1
TXN-00334,CUST-029,1898.2,2883.75,745.7,-1.3216,0,0,0,0,0,SUCCESS,SCN-001,BESCOM Electricity,Bangalore Electricity Supply Company Ltd,0.4828,0,1800,0,1
TXN-00158,CUST-015,2629.9,2211.54,690.0,0.6063,0,1,0,1,0,SUCCESS,SCN-001,BESCOM Electricity,Bangalore Electricity Supply Company Ltd,0.4828,0,1800,0,1
TXN-00385,CUST-034,2993.45,2681.08,396.2,0.7884,0,1,0,0,0,SUCCESS,SCN-001,Amazon India,Amazon Seller Services Pvt Ltd,0.4286,0,2000,0,1
TXN-00516,CUST-045,828.53,978.98,475.4,-0.3165,0,1,0,0,0,SUCCESS,SCN-001,BESCOM Electricity,Bangalore Electricity Supply Company Ltd,0.4828,0,1800,0,1
TXN-00359,CUST-031,50.0,644.81,714.61,-0.8324,0,1,0,0,0,SUCCESS,SCN-001,Amazon India,Amazon Seller Services Pvt Ltd,0.4286,0,2000,0,1
TXN-00508,CUST-044,1113.71,1506.55,337.51,-1.1639,0,1,0,0,0,SUCCESS,SCN-001,Amazon India,Amazon Seller Services Pvt Ltd,0.4286,0,2000,0,1
TXN-00446,CUST-039,2400.97,2763.55,701.74,-0.5167,0,1,0,0,0,SUCCESS,SCN-001,BESCOM Electricity,Bangalore Electricity Supply Company Ltd,0.4828,0,1800,0,1
TXN-00565,CUST-049,1037.56,1703.4,705.26,-0.9441,0,1,0,0,0,SUCCESS,SCN-001,BESCOM Electricity,Bangalore Electricity Supply Company Ltd,0.4828,0,1800,0,1
TXN-00025,CUST-002,560.86,717.35,395.35,-0.3958,0,0,0,0,0,SUCCESS,SCN-001,Amazon India,Amazon Seller Services Pvt Ltd,0.4286,0,2000,0,1
TXN-00052,CUST-005,1942.54,2245.35,338.18,-0.8954,0,0,0,0,0,SUCCESS,SCN-001,Amazon India,Amazon Seller Services Pvt Ltd,0.4286,0,2000,0,1
TXN-00201,CUST-018,2054.53,2138.6,376.94,-0.223,0,0,0,0,0,SUCCESS,SCN-001,Amazon India,Amazon Seller Services Pvt Ltd,0.4286,0,2000,0,1
TXN-00329,CUST-029,4818.39,2883.75,745.7,2.5944,1,0,0,0,1,SUCCESS,SCN-001,Amazon India,Amazon Seller Services Pvt Ltd,0.4286,0,2000,0,1
TXN-00102,CUST-010,1647.74,2153.16,641.15,-0.7883,0,1,0,0,0,SUCCESS,SCN-001,BESCOM Electricity,Bangalore Electricity Supply Company Ltd,0.4828,0,1800,0,1
TXN-00430,CUST-038,430.43,517.98,595.49,-0.147,0,1,0,0,0,SUCCESS,SCN-001,Amazon India,Amazon Seller Services Pvt Ltd,0.4286,0,2000,0,1
TXN-00392,CUST-034,2779.79,2681.08,396.2,0.2491,0,1,0,0,0,SUCCESS,SCN-001,BESCOM Electricity,Bangalore Electricity Supply Company Ltd,0.4828,0,1800,0,1
TXN-00086,CUST-008,3128.67,2932.79,364.97,0.5367,0,0,0,0,0,SUCCESS,SCN-001,BESCOM Electricity,Bangalore Electricity Supply Company Ltd,0.4828,0,1800,0,1
TXN-00054,CUST-005,1780.09,2245.35,338.18,-1.3758,0,0,0,1,0,SUCCESS,SCN-001,Amazon India,Amazon Seller Services Pvt Ltd,0.4286,0,2000,0,1
TXN-00216,CUST-020,2493.63,2367.53,399.9,0.3153,0,0,0,0,0,SUCCESS,SCN-001,Amazon India,Amazon Seller Services Pvt Ltd,0.4286,0,2000,0,1
TXN-00321,CUST-028,1902.92,2022.43,206.99,-0.5774,0,0,0,0,0,SUCCESS,SCN-001,BESCOM Electricity,Bangalore Electricity Supply Company Ltd,0.4828,0,1800,0,1
TXN-00501,CUST-044,1073.38,1506.55,337.51,-1.2834,0,1,0,0,0,SUCCESS,SCN-001,BESCOM Electricity,Bangalore Electricity Supply Company Ltd,0.4828,0,1800,0,1
TXN-00503,CUST-044,1566.13,1506.55,337.51,0.1765,0,1,1,1,0,SUCCESS,SCN-001,BESCOM Electricity,Bangalore Electricity Supply Company Ltd,0.4828,0,1800,0,1
TXN-00259,CUST-023,2186.06,1991.02,369.34,0.5281,0,1,0,0,0,SUCCESS,SCN-001,BESCOM Electricity,Bangalore Electricity Supply Company Ltd,0.4828,0,1800,0,1
TXN-00356,CUST-031,1636.8,644.81,714.61,1.3882,0,1,0,0,0,SUCCESS,SCN-001,BESCOM Electricity,Bangalore Electricity Supply Company Ltd,0.4828,0,1800,0,1
TXN-00279,CUST-024,1317.3,1128.54,487.26,0.3874,0,1,0,0,0,SUCCESS,SCN-001,BESCOM Electricity,Bangalore Electricity Supply Company Ltd,0.4828,0,1800,0,1
TXN-00491,CUST-043,1955.02,1667.56,610.35,0.471,0,1,0,0,0,SUCCESS,SCN-001,Amazon India,Amazon Seller Services Pvt Ltd,0.4286,0,2000,0,1
TXN-00543,CUST-047,742.46,744.77,556.5,-0.0042,0,1,0,0,0,SUCCESS,SCN-001,BESCOM Electricity,Bangalore Electricity Supply Company Ltd,0.4828,0,1800,0,1
TXN-00043,CUST-004,1231.16,1548.8,414.45,-0.7664,0,1,0,0,0,SUCCESS,SCN-001,BESCOM Electricity,Bangalore Electricity Supply Company Ltd,0.4828,0,1800,0,1
TXN-00312,CUST-027,1543.98,2404.91,455.38,-1.8906,0,0,0,0,0,SUCCESS,SCN-001,Amazon India,Amazon Seller Services Pvt Ltd,0.4286,0,2000,0,1
TXN-00315,CUST-027,2401.9,2404.91,455.38,-0.0066,0,0,0,1,0,SUCCESS,SCN-001,BESCOM Electricity,Bangalore Electricity Supply Company Ltd,0.4828,0,1800,0,1
TXN-00413,CUST-037,784.72,1345.21,511.82,-1.0951,0,0,0,0,0,SUCCESS,SCN-001,Amazon India,Amazon Seller Services Pvt Ltd,0.4286,0,2000,0,1
TXN-00545,CUST-047,661.02,744.77,556.5,-0.1505,0,0,0,1,0,SUCCESS,SCN-001,BESCOM Electricity,Bangalore Electricity Supply Company Ltd,0.4828,0,1800,0,1
TXN-00046,CUST-004,1853.0,1548.8,414.45,0.734,0,0,0,1,0,SUCCESS,SCN-001,Amazon India,Amazon Seller Services Pvt Ltd,0.4286,0,2000,0,1
TXN-00110,CUST-010,926.07,2153.16,641.15,-1.9139,0,0,0,0,0,SUCCESS,SCN-001,BESCOM Electricity,Bangalore Electricity Supply Company Ltd,0.4828,0,1800,0,1
TXN-00204,CUST-019,1156.97,1162.2,272.64,-0.0192,0,0,0,0,0,SUCCESS,SCN-001,BESCOM Electricity,Bangalore Electricity Supply Company Ltd,0.4828,0,1800,0,1
TXN-00383,CUST-033,2815.48,2149.38,762.79,0.8732,0,0,0,0,0,SUCCESS,SCN-001,Amazon India,Amazon Seller Services Pvt Ltd,0.4286,0,2000,0,1
TXN-00489,CUST-042,1225.13,735.81,561.29,0.8718,0,1,0,0,0,SUCCESS,SCN-001,Amazon India,Amazon Seller Services Pvt Ltd,0.4286,0,2000,0,1
TXN-00098,CUST-009,2734.14,2713.63,353.14,0.0581,0,1,0,0,0,SUCCESS,SCN-001,BESCOM Electricity,Bangalore Electricity Supply Company Ltd,0.4828,0,1800,0,1
TXN-00506,CUST-044,2110.69,1506.55,337.51,1.79,0,1,0,0,0,SUCCESS,SCN-001,Amazon India,Amazon Seller Services Pvt Ltd,0.4286,0,2000,0,1
TXN-00036,CUST-003,1275.51,1081.65,521.41,0.3718,0,1,0,0,0,SUCCESS,SCN-001,Amazon India,Amazon Seller Services Pvt Ltd,0.4286,0,2000,0,1
TXN-00097,CUST-009,3302.11,2713.63,353.14,1.6664,0,1,0,1,0,SUCCESS,SCN-001,Amazon India,Amazon Seller Services Pvt Ltd,0.4286,0,2000,0,1
TXN-00185,CUST-017,1715.73,1027.46,760.04,0.9056,0,0,0,0,0,SUCCESS,SCN-001,BESCOM Electricity,Bangalore Electricity Supply Company Ltd,0.4828,0,1800,0,1
TXN-00288,CUST-025,2360.09,2377.19,638.02,-0.0268,0,0,0,0,0,SUCCESS,SCN-001,BESCOM Electricity,Bangalore Electricity Supply Company Ltd,0.4828,0,1800,0,1
TXN-00415,CUST-037,1566.42,1345.21,511.82,0.4322,0,0,0,1,0,SUCCESS,SCN-001,Amazon India,Amazon Seller Services Pvt Ltd,0.4286,0,2000,0,1
TXN-00188,CUST-017,1882.59,1027.46,760.04,1.1251,0,0,0,1,0,SUCCESS,SCN-001,Amazon India,Amazon Seller Services Pvt Ltd,0.4286,0,2000,0,1
TXN-00265,CUST-023,1660.58,1991.02,369.34,-0.8947,0,0,0,0,0,SUCCESS,SCN-001,BESCOM Electricity,Bangalore Electricity Supply Company Ltd,0.4828,0,1800,0,1
TXN-00104,CUST-010,497.99,2153.16,641.15,-2.5816,1,1,0,0,1,SUCCESS,SCN-001,BESCOM Electricity,Bangalore Electricity Supply Company Ltd,0.4828,0,1800,0,1
TXN-00243,CUST-022,2644.01,2389.46,702.77,0.3622,0,1,0,0,0,SUCCESS,SCN-001,Amazon India,Amazon Seller Services Pvt Ltd,0.4286,0,2000,0,1
TXN-00122,CUST-011,1232.74,1450.32,417.39,-0.5213,0,1,0,0,0,SUCCESS,SCN-001,BESCOM Electricity,Bangalore Electricity Supply Company Ltd,0.4828,0,1800,0,1
TXN-00135,CUST-013,2120.07,2087.45,473.9,0.0688,0,1,0,0,0,SUCCESS,SCN-001,BESCOM Electricity,Bangalore Electricity Supply Company Ltd,0.4828,0,1800,0,1
TXN-00203,CUST-018,2327.74,2138.6,376.94,0.5018,0,1,0,0,0,SUCCESS,SCN-001,Amazon India,Amazon Seller Services Pvt Ltd,0.4286,0,2000,0,1
TXN-00395,CUST-035,1628.93,2282.37,379.29,-1.7228,0,1,0,0,0,SUCCESS,SCN-001,BESCOM Electricity,Bangalore Electricity Supply Company Ltd,0.4828,0,1800,0,1
TXN-00089,CUST-008,2814.47,2932.79,364.97,-0.3242,0,1,0,0,0,SUCCESS,SCN-001,Amazon India,Amazon Seller Services Pvt Ltd,0.4286,0,2000,0,1
TXN-00208,CUST-019,1122.03,1162.2,272.64,-0.1473,0,1,0,0,0,SUCCESS,SCN-001,BESCOM Electricity,Bangalore Electricity Supply Company Ltd,0.4828,0,1800,0,1
TXN-00513,CUST-044,1670.7,1506.55,337.51,0.4864,0,1,0,0,0,SUCCESS,SCN-001,BESCOM Electricity,Bangalore Electricity Supply Company Ltd,0.4828,0,1800,0,1
TXN-00221,CUST-020,2540.36,2367.53,399.9,0.4322,0,0,0,0,0,SUCCESS,SCN-001,BESCOM Electricity,Bangalore Electricity Supply Company Ltd,0.4828,0,1800,0,1
TXN-00037,CUST-003,816.96,1081.65,521.41,-0.5076,0,1,0,0,0,SUCCESS,SCN-001,BESCOM Electricity,Bangalore Electricity Supply Company Ltd,0.4828,0,1800,0,1
TXN-00560,CUST-049,2954.01,1703.4,705.26,1.7733,0,1,0,0,0,SUCCESS,SCN-001,Amazon India,Amazon Seller Services Pvt Ltd,0.4286,0,2000,0,1
TXN-00391,CUST-034,2829.87,2681.08,396.2,0.3755,0,1,0,0,0,SUCCESS,SCN-001,Amazon India,Amazon Seller Services Pvt Ltd,0.4286,0,2000,0,1
TXN-00080,CUST-008,3436.87,2932.79,364.97,1.3812,0,1,0,0,0,SUCCESS,SCN-001,BESCOM Electricity,Bangalore Electricity Supply Company Ltd,0.4828,0,1800,0,1
TXN-00207,CUST-019,1074.9,1162.2,272.64,-0.3202,0,1,0,0,0,SUCCESS,SCN-001,Amazon India,Amazon Seller Services Pvt Ltd,0.4286,0,2000,0,1
TXN-00309,CUST-027,1770.58,2404.91,455.38,-1.393,0,1,0,0,0,SUCCESS,SCN-001,BESCOM Electricity,Bangalore Electricity Supply Company Ltd,0.4828,0,1800,0,1
TXN-00001,CUST-001,2261.79,2353.88,271.42,-0.3393,0,0,0,0,0,SUCCESS,SCN-001,BESCOM Electricity,Bangalore Electricity Supply Company Ltd,0.4828,0,1800,0,1
TXN-00072,CUST-007,1164.46,1161.3,130.42,0.0242,0,0,0,0,0,SUCCESS,SCN-001,BESCOM Electricity,Bangalore Electricity Supply Company Ltd,0.4828,0,1800,0,1
TXN-00328,CUST-029,4387.09,2883.75,745.7,2.016,0,0,0,0,0,SUCCESS,SCN-001,BESCOM Electricity,Bangalore Electricity Supply Company Ltd,0.4828,0,1800,0,1
TXN-00445,CUST-039,3303.79,2763.55,701.74,0.7699,0,0,0,0,0,SUCCESS,SCN-001,Amazon India,Amazon Seller Services Pvt Ltd,0.4286,0,2000,0,1
TXN-00187,CUST-017,1210.81,1027.46,760.04,0.2412,0,0,0,0,0,SUCCESS,SCN-001,BESCOM Electricity,Bangalore Electricity Supply Company Ltd,0.4828,0,1800,0,1
TXN-00500,CUST-043,1488.1,1667.56,610.35,-0.294,0,1,0,0,0,SUCCESS,SCN-001,BESCOM Electricity,Bangalore Electricity Supply Company Ltd,0.4828,0,1800,0,1
TXN-00346,CUST-030,1511.68,1721.51,178.31,-1.1768,0,1,0,0,0,SUCCESS,SCN-001,Amazon India,Amazon Seller Services Pvt Ltd,0.4286,0,2000,0,1
TXN-00283,CUST-025,1971.3,2377.19,638.02,-0.6362,0,0,0,0,0,SUCCESS,SCN-001,Amazon India,Amazon Seller Services Pvt Ltd,0.4286,0,2000,0,1
TXN-00521,CUST-045,888.14,978.98,475.4,-0.1911,0,0,0,0,0,SUCCESS,SCN-001,Amazon India,Amazon Seller Services Pvt Ltd,0.4286,0,2000,0,1
TXN-00191,CUST-017,613.68,1027.46,760.04,-0.5444,0,0,0,0,0,SUCCESS,SCN-001,BESCOM Electricity,Bangalore Electricity Supply Company Ltd,0.4828,0,1800,0,1
TXN-00070,CUST-007,1347.04,1161.3,130.42,1.4242,0,1,0,0,0,SUCCESS,SCN-001,BESCOM Electricity,Bangalore Electricity Supply Company Ltd,0.4828,0,1800,0,1
TXN-00150,CUST-014,654.76,1448.64,792.67,-1.0015,0,1,0,0,0,SUCCESS,SCN-001,BESCOM Electricity,Bangalore Electricity Supply Company Ltd,0.4828,0,1800,0,1
TXN-00160,CUST-015,3292.57,2211.54,690.0,1.5667,0,1,0,0,0,SUCCESS,SCN-001,BESCOM Electricity,Bangalore Electricity Supply Company Ltd,0.4828,0,1800,0,1
TXN-00146,CUST-013,1801.84,2087.45,473.9,-0.6027,0,1,0,0,0,SUCCESS,SCN-001,Amazon India,Amazon Seller Services Pvt Ltd,0.4286,0,2000,0,1
TXN-00467,CUST-041,2132.94,1940.53,270.1,0.7124,0,1,0,0,0,SUCCESS,SCN-001,BESCOM Electricity,Bangalore Electricity Supply Company Ltd,0.4828,0,1800,0,1
TXN-00406,CUST-036,2460.87,2749.04,416.04,-0.6926,0,0,0,0,0,SUCCESS,SCN-001,BESCOM Electricity,Bangalore Electricity Supply Company Ltd,0.4828,0,1800,0,1
TXN-00212,CUST-019,1111.15,1162.2,272.64,-0.1872,0,0,0,0,0,SUCCESS,SCN-001,BESCOM Electricity,Bangalore Electricity Supply Company Ltd,0.4828,0,1800,0,1
TXN-00099,CUST-009,2837.67,2713.63,353.14,0.3512,0,0,0,0,0,SUCCESS,SCN-001,Amazon India,Amazon Seller Services Pvt Ltd,0.4286,0,2000,0,1
TXN-00182,CUST-017,1595.1,1027.46,760.04,0.7469,0,1,0,0,0,SUCCESS,SCN-001,Amazon India,Amazon Seller Services Pvt Ltd,0.4286,0,2000,0,1
TXN-00562,CUST-049,1274.75,1703.4,705.26,-0.6078,0,1,0,0,0,SUCCESS,SCN-001,Amazon India,Amazon Seller Services Pvt Ltd,0.4286,0,2000,0,1
TXN-00569,CUST-049,1109.37,1703.4,705.26,-0.8423,0,1,1,1,0,SUCCESS,SCN-001,BESCOM Electricity,Bangalore Electricity Supply Company Ltd,0.4828,0,1800,0,1
TXN-00144,CUST-013,1553.39,2087.45,473.9,-1.1269,0,1,0,1,0,SUCCESS,SCN-001,Amazon India,Amazon Seller Services Pvt Ltd,0.4286,0,2000,0,1
TXN-00524,CUST-045,1084.5,978.98,475.4,0.222,0,1,0,0,0,SUCCESS,SCN-001,BESCOM Electricity,Bangalore Electricity Supply Company Ltd,0.4828,0,1800,0,1
TXN-00382,CUST-033,2447.66,2149.38,762.79,0.391,0,1,0,0,0,SUCCESS,SCN-001,BESCOM Electricity,Bangalore Electricity Supply Company Ltd,0.4828,0,1800,0,1
TXN-00119,CUST-011,900.61,1450.32,417.39,-1.317,0,1,0,0,0,SUCCESS,SCN-001,Amazon India,Amazon Seller Services Pvt Ltd,0.4286,0,2000,0,1
TXN-00293,CUST-026,1602.6,1586.91,417.61,0.0376,0,0,0,0,0,SUCCESS,SCN-001,BESCOM Electricity,Bangalore Electricity Supply Company Ltd,0.4828,0,1800,0,1
TXN-00452,CUST-039,2966.52,2763.55,701.74,0.2892,0,0,0,0,0,SUCCESS,SCN-001,BESCOM Electricity,Bangalore Electricity Supply Company Ltd,0.4828,0,1800,0,1
TXN-00485,CUST-042,1173.59,735.81,561.29,0.78,0,0,0,0,0,SUCCESS,SCN-001,Amazon India,Amazon Seller Services Pvt Ltd,0.4286,0,2000,0,1
TXN-00010,CUST-001,2437.83,2353.88,271.42,0.3093,0,1,0,0,0,SUCCESS,SCN-001,Amazon India,Amazon Seller Services Pvt Ltd,0.4286,0,2000,0,1
TXN-00296,CUST-026,2097.29,1586.91,417.61,1.2221,0,1,0,1,0,SUCCESS,SCN-001,Amazon India,Amazon Seller Services Pvt Ltd,0.4286,0,2000,0,1
TXN-00316,CUST-027,3169.31,2404.91,455.38,1.6786,0,1,0,0,0,SUCCESS,SCN-001,Amazon India,Amazon Seller Services Pvt Ltd,0.4286,0,2000,0,1
TXN-00575,CUST-050,67.09,505.39,373.3,-1.1741,0,1,0,0,0,SUCCESS,SCN-001,Amazon India,Amazon Seller Services Pvt Ltd,0.4286,0,2000,0,1
TXN-00271,CUST-024,1537.06,1128.54,487.26,0.8384,0,0,0,0,0,SUCCESS,SCN-001,BESCOM Electricity,Bangalore Electricity Supply Company Ltd,0.4828,0,1800,0,1
TXN-00015,CUST-001,2268.42,2353.88,271.42,-0.3149,0,0,0,1,0,SUCCESS,SCN-001,BESCOM Electricity,Bangalore Electricity Supply Company Ltd,0.4828,0,1800,0,1
TXN-00344,CUST-030,1658.87,1721.51,178.31,-0.3513,0,0,0,0,0,SUCCESS,SCN-001,Amazon India,Amazon Seller Services Pvt Ltd,0.4286,0,2000,0,1
TXN-00484,CUST-042,444.13,735.81,561.29,-0.5197,0,0,0,1,0,SUCCESS,SCN-001,BESCOM Electricity,Bangalore Electricity Supply Company Ltd,0.4828,0,1800,0,1
TXN-00088,CUST-008,2399.61,2932.79,364.97,-1.4609,0,0,0,0,0,SUCCESS,SCN-001,BESCOM Electricity,Bangalore Electricity Supply Company Ltd,0.4828,0,1800,0,1
TXN-00126,CUST-012,1706.92,1425.45,246.65,1.1412,0,0,0,0,0,SUCCESS,SCN-001,BESCOM Electricity,Bangalore Electricity Supply Company Ltd,0.4828,0,1800,0,1
TXN-00013,CUST-001,2462.66,2353.88,271.42,0.4008,0,0,0,2,0,SUCCESS,SCN-001,BESCOM Electricity,Bangalore Electricity Supply Company Ltd,0.4828,0,1800,0,1
TXN-00179,CUST-016,2145.77,2554.51,663.53,-0.616,0,0,0,0,0,SUCCESS,SCN-001,Amazon India,Amazon Seller Services Pvt Ltd,0.4286,0,2000,0,1
TXN-00307,CUST-027,2052.26,2404.91,455.38,-0.7744,0,1,0,1,0,SUCCESS,SCN-001,BESCOM Electricity,Bangalore Electricity Supply Company Ltd,0.4828,0,1800,0,1
TXN-00074,CUST-007,1075.18,1161.3,130.42,-0.6603,0,1,0,0,0,SUCCESS,SCN-001,BESCOM Electricity,Bangalore Electricity Supply Company Ltd,0.4828,0,1800,0,1
TXN-00156,CUST-015,2089.38,2211.54,690.0,-0.177,0,1,0,0,0,SUCCESS,SCN-001,BESCOM Electricity,Bangalore Electricity Supply Company Ltd,0.4828,0,1800,0,1
TXN-00494,CUST-043,1420.29,1667.56,610.35,-0.4051,0,1,0,0,0,SUCCESS,SCN-001,BESCOM Electricity,Bangalore Electricity Supply Company Ltd,0.4828,0,1800,0,1
TXN-00567,CUST-049,1578.74,1703.4,705.26,-0.1768,0,1,0,0,0,SUCCESS,SCN-001,BESCOM Electricity,Bangalore Electricity Supply Company Ltd,0.4828,0,1800,0,1
TXN-00235,CUST-021,633.27,1048.3,798.28,-0.5199,0,1,0,0,0,SUCCESS,SCN-001,Amazon India,Amazon Seller Services Pvt Ltd,0.4286,0,2000,0,1
TXN-00537,CUST-047,421.1,744.77,556.5,-0.5816,0,1,0,0,0,SUCCESS,SCN-001,BESCOM Electricity,Bangalore Electricity Supply Company Ltd,0.4828,0,1800,0,1
TXN-00363,CUST-032,2538.06,2540.06,784.59,-0.0025,0,1,0,0,0,SUCCESS,SCN-001,Amazon India,Amazon Seller Services Pvt Ltd,0.4286,0,2000,0,1
TXN-00096,CUST-009,2324.41,2713.63,353.14,-1.1022,0,0,0,0,0,SUCCESS,SCN-001,BESCOM Electricity,Bangalore Electricity Supply Company Ltd,0.4828,0,1800,0,1
TXN-00061,CUST-006,1045.22,755.53,365.95,0.7916,0,0,0,0,0,SUCCESS,SCN-001,BESCOM Electricity,Bangalore Electricity Supply Company Ltd,0.4828,0,1800,0,1
TXN-00510,CUST-044,1331.8,1506.55,337.51,-0.5178,0,1,0,0,0,SUCCESS,SCN-001,Amazon India,Amazon Seller Services Pvt Ltd,0.4286,0,2000,0,1
TXN-00161,CUST-015,1179.91,2211.54,690.0,-1.4951,0,1,0,0,0,SUCCESS,SCN-001,Amazon India,Amazon Seller Services Pvt Ltd,0.4286,0,2000,0,1
TXN-00547,CUST-048,2437.65,2815.92,694.09,-0.545,0,1,0,0,0,SUCCESS,SCN-001,Amazon India,Amazon Seller Services Pvt Ltd,0.4286,0,2000,0,1
TXN-00337,CUST-030,1606.31,1721.51,178.31,-0.6461,0,1,0,0,0,SUCCESS,SCN-001,BESCOM Electricity,Bangalore Electricity Supply Company Ltd,0.4828,0,1800,0,1
TXN-00194,CUST-018,2174.21,2138.6,376.94,0.0945,0,0,0,0,0,SUCCESS,SCN-001,BESCOM Electricity,Bangalore Electricity Supply Company Ltd,0.4828,0,1800,0,1
TXN-00285,CUST-025,2611.32,2377.19,638.02,0.367,0,0,0,0,0,SUCCESS,SCN-001,Amazon India,Amazon Seller Services Pvt Ltd,0.4286,0,2000,0,1
TXN-00474,CUST-041,1538.21,1940.53,270.1,-1.4895,0,0,0,0,0,SUCCESS,SCN-001,Amazon India,Amazon Seller Services Pvt Ltd,0.4286,0,2000,0,1
TXN-00093,CUST-009,3041.4,2713.63,353.14,0.9282,0,0,0,0,0,SUCCESS,SCN-001,Amazon India,Amazon Seller Services Pvt Ltd,0.4286,0,2000,0,1
TXN-00248,CUST-022,2801.88,2389.46,702.77,0.5868,0,0,0,0,0,SUCCESS,SCN-001,BESCOM Electricity,Bangalore Electricity Supply Company Ltd,0.4828,0,1800,0,1
TXN-00534,CUST-046,919.63,1196.36,274.86,-1.0068,0,0,0,0,0,SUCCESS,SCN-001,Amazon India,Amazon Seller Services Pvt Ltd,0.4286,0,2000,0,1
TXN-00159,CUST-015,3595.49,2211.54,690.0,2.0057,0,1,0,1,0,SUCCESS,SCN-001,Amazon India,Amazon Seller Services Pvt Ltd,0.4286,0,2000,0,1
TXN-00233,CUST-021,1490.3,1048.3,798.28,0.5537,0,1,0,0,0,SUCCESS,SCN-001,Amazon India,Amazon Seller Services Pvt Ltd,0.4286,0,2000,0,1
TXN-00244,CUST-022,3004.91,2389.46,702.77,0.8757,0,1,0,1,0,SUCCESS,SCN-001,BESCOM Electricity,Bangalore Electricity Supply Company Ltd,0.4828,0,1800,0,1
TXN-00338,CUST-030,1937.42,1721.51,178.31,1.2109,0,1,0,1,0,SUCCESS,SCN-001,Amazon India,Amazon Seller Services Pvt Ltd,0.4286,0,2000,0,1
TXN-00450,CUST-039,1741.17,2763.55,701.74,-1.4569,0,1,0,0,0,SUCCESS,SCN-001,BESCOM Electricity,Bangalore Electricity Supply Company Ltd,0.4828,0,1800,0,1
TXN-00574,CUST-050,391.81,505.39,373.3,-0.3043,0,1,0,0,0,SUCCESS,SCN-001,BESCOM Electricity,Bangalore Electricity Supply Company Ltd,0.4828,0,1800,0,1
TXN-00032,CUST-003,574.14,1081.65,521.41,-0.9733,0,1,0,0,0,SUCCESS,SCN-001,Amazon India,Amazon Seller Services Pvt Ltd,0.4286,0,2000,0,1
TXN-00298,CUST-026,1595.01,1586.91,417.61,0.0194,0,1,0,0,0,SUCCESS,SCN-001,Amazon India,Amazon Seller Services Pvt Ltd,0.4286,0,2000,0,1
TXN-00151,CUST-014,2527.02,1448.64,792.67,1.3604,0,1,0,0,0,SUCCESS,SCN-001,Amazon India,Amazon Seller Services Pvt Ltd,0.4286,0,2000,0,1
TXN-00410,CUST-036,2578.62,2749.04,416.04,-0.4096,0,1,0,0,0,SUCCESS,SCN-001,BESCOM Electricity,Bangalore Electricity Supply Company Ltd,0.4828,0,1800,0,1
TXN-00092,CUST-009,2788.19,2713.63,353.14,0.2111,0,0,0,1,0,SUCCESS,SCN-001,BESCOM Electricity,Bangalore Electricity Supply Company Ltd,0.4828,0,1800,0,1
TXN-00162,CUST-015,2654.22,2211.54,690.0,0.6416,0,0,0,1,0,SUCCESS,SCN-001,BESCOM Electricity,Bangalore Electricity Supply Company Ltd,0.4828,0,1800,0,1
TXN-00497,CUST-043,2062.34,1667.56,610.35,0.6468,0,0,0,0,0,SUCCESS,SCN-001,Amazon India,Amazon Seller Services Pvt Ltd,0.4286,0,2000,0,1
TXN-00047,CUST-004,1864.77,1548.8,414.45,0.7624,0,0,0,0,0,SUCCESS,SCN-001,BESCOM Electricity,Bangalore Electricity Supply Company Ltd,0.4828,0,1800,0,1
TXN-00280,CUST-025,2329.97,2377.19,638.02,-0.074,0,0,0,1,0,SUCCESS,SCN-001,BESCOM Electricity,Bangalore Electricity Supply Company Ltd,0.4828,0,1800,0,1
TXN-00167,CUST-015,2241.28,2211.54,690.0,0.0431,0,0,0,2,0,SUCCESS,SCN-001,Amazon India,Amazon Seller Services Pvt Ltd,0.4286,0,2000,0,1
TXN-00378,CUST-033,2538.02,2149.38,762.79,0.5095,0,0,0,0,0,SUCCESS,SCN-001,BESCOM Electricity,Bangalore Electricity Supply Company Ltd,0.4828,0,1800,0,1
TXN-00019,CUST-002,767.09,717.35,395.35,0.1258,0,0,0,0,0,SUCCESS,SCN-001,Amazon India,Amazon Seller Services Pvt Ltd,0.4286,0,2000,0,1
TXN-00531,CUST-046,1224.83,1196.36,274.86,0.1036,0,1,0,0,0,SUCCESS,SCN-001,BESCOM Electricity,Bangalore Electricity Supply Company Ltd,0.4828,0,1800,0,1
TXN-00371,CUST-032,2009.83,2540.06,784.59,-0.6758,0,1,0,0,0,SUCCESS,SCN-001,Amazon India,Amazon Seller Services Pvt Ltd,0.4286,0,2000,0,1
TXN-00525,CUST-045,1008.68,978.98,475.4,0.0625,0,1,0,0,0,SUCCESS,SCN-001,Amazon India,Amazon Seller Services Pvt Ltd,0.4286,0,2000,0,1
TXN-00153,CUST-014,1666.12,1448.64,792.67,0.2744,0,0,0,0,0,SUCCESS,SCN-001,Amazon India,Amazon Seller Services Pvt Ltd,0.4286,0,2000,0,1
TXN-00145,CUST-013,2117.89,2087.45,473.9,0.0642,0,0,0,0,0,SUCCESS,SCN-001,BESCOM Electricity,Bangalore Electricity Supply Company Ltd,0.4828,0,1800,0,1
TXN-00171,CUST-016,2526.32,2554.51,663.53,-0.0425,0,0,0,0,0,SUCCESS,SCN-001,Amazon India,Amazon Seller Services Pvt Ltd,0.4286,0,2000,0,1
TXN-00481,CUST-042,557.72,735.81,561.29,-0.3173,0,0,0,0,0,SUCCESS,SCN-001,Amazon India,Amazon Seller Services Pvt Ltd,0.4286,0,2000,0,1
TXN-00083,CUST-008,3091.4,2932.79,364.97,0.4346,0,0,0,0,0,SUCCESS,SCN-001,Amazon India,Amazon Seller Services Pvt Ltd,0.4286,0,2000,0,1
TXN-00404,CUST-036,3184.62,2749.04,416.04,1.047,0,0,0,0,0,SUCCESS,SCN-001,BESCOM Electricity,Bangalore Electricity Supply Company Ltd,0.4828,0,1800,0,1
TXN-00068,CUST-006,991.72,755.53,365.95,0.6454,0,0,0,0,0,SUCCESS,SCN-001,Amazon India,Amazon Seller Services Pvt Ltd,0.4286,0,2000,0,1
TXN-00528,CUST-046,1717.74,1196.36,274.86,1.8969,0,0,0,1,0,SUCCESS,SCN-001,Amazon India,Amazon Seller Services Pvt Ltd,0.4286,0,2000,0,1
TXN-00418,CUST-037,1616.82,1345.21,511.82,0.5307,0,1,0,0,0,SUCCESS,SCN-001,BESCOM Electricity,Bangalore Electricity Supply Company Ltd,0.4828,0,1800,0,1
TXN-00495,CUST-043,2271.55,1667.56,610.35,0.9896,0,1,0,0,0,SUCCESS,SCN-001,Amazon India,Amazon Seller Services Pvt Ltd,0.4286,0,2000,0,1
TXN-00103,CUST-010,1210.14,2153.16,641.15,-1.4708,0,1,0,0,0,SUCCESS,SCN-001,Amazon India,Amazon Seller Services Pvt Ltd,0.4286,0,2000,0,1
TXN-00448,CUST-039,3156.99,2763.55,701.74,0.5607,0,1,0,0,0,SUCCESS,SCN-001,BESCOM Electricity,Bangalore Electricity Supply Company Ltd,0.4828,0,1800,0,1
TXN-00009,CUST-001,2506.33,2353.88,271.42,0.5617,0,1,0,0,0,SUCCESS,SCN-001,BESCOM Electricity,Bangalore Electricity Supply Company Ltd,0.4828,0,1800,0,1
TXN-00414,CUST-037,1941.68,1345.21,511.82,1.1654,0,1,0,1,0,SUCCESS,SCN-001,BESCOM Electricity,Bangalore Electricity Supply Company Ltd,0.4828,0,1800,0,1
TXN-00423,CUST-037,1215.56,1345.21,511.82,-0.2533,0,1,1,2,0,SUCCESS,SCN-001,Amazon India,Amazon Seller Services Pvt Ltd,0.4286,0,2000,0,1
TXN-00345,CUST-030,1648.17,1721.51,178.31,-0.4113,0,0,0,0,0,SUCCESS,SCN-001,BESCOM Electricity,Bangalore Electricity Supply Company Ltd,0.4828,0,1800,0,1
TXN-00012,CUST-001,2721.6,2353.88,271.42,1.3548,0,0,0,1,0,SUCCESS,SCN-001,Amazon India,Amazon Seller Services Pvt Ltd,0.4286,0,2000,0,1
TXN-00130,CUST-012,1388.61,1425.45,246.65,-0.1494,0,0,0,0,0,SUCCESS,SCN-001,BESCOM Electricity,Bangalore Electricity Supply Company Ltd,0.4828,0,1800,0,1
TXN-00421,CUST-037,1936.33,1345.21,511.82,1.1549,0,1,0,3,0,SUCCESS,SCN-001,Amazon India,Amazon Seller Services Pvt Ltd,0.4286,0,2000,0,1
TXN-00451,CUST-039,1882.77,2763.55,701.74,-1.2551,0,1,0,1,0,SUCCESS,SCN-001,Amazon India,Amazon Seller Services Pvt Ltd,0.4286,0,2000,0,1
TXN-00333,CUST-029,2364.53,2883.75,745.7,-0.6963,0,1,0,0,0,SUCCESS,SCN-001,Amazon India,Amazon Seller Services Pvt Ltd,0.4286,0,2000,0,1
TXN-00365,CUST-032,1670.42,2540.06,784.59,-1.1084,0,1,0,0,0,SUCCESS,SCN-001,Amazon India,Amazon Seller Services Pvt Ltd,0.4286,0,2000,0,1
TXN-00302,CUST-026,1366.91,1586.91,417.61,-0.5268,0,1,0,0,0,SUCCESS,SCN-001,Amazon India,Amazon Seller Services Pvt Ltd,0.4286,0,2000,0,1
TXN-00370,CUST-032,2872.76,2540.06,784.59,0.424,0,1,0,1,0,SUCCESS,SCN-001,BESCOM Electricity,Bangalore Electricity Supply Company Ltd,0.4828,0,1800,0,1
TXN-00200,CUST-018,2229.64,2138.6,376.94,0.2415,0,0,0,0,0,SUCCESS,SCN-001,BESCOM Electricity,Bangalore Electricity Supply Company Ltd,0.4828,0,1800,0,1
TXN-00464,CUST-040,1069.21,1196.19,439.79,-0.2887,0,0,0,0,0,SUCCESS,SCN-001,BESCOM Electricity,Bangalore Electricity Supply Company Ltd,0.4828,0,1800,0,1
TXN-00014,CUST-001,2381.62,2353.88,271.42,0.1022,0,0,0,0,0,SUCCESS,SCN-001,Amazon India,Amazon Seller Services Pvt Ltd,0.4286,0,2000,0,1
TXN-00433,CUST-038,1560.9,517.98,595.49,1.7514,0,1,0,0,0,SUCCESS,SCN-001,BESCOM Electricity,Bangalore Electricity Supply Company Ltd,0.4828,0,1800,0,1
TXN-00434,CUST-038,50.0,517.98,595.49,-0.7859,0,1,1,1,0,SUCCESS,SCN-001,Amazon India,Amazon Seller Services Pvt Ltd,0.4286,0,2000,0,1
TXN-00195,CUST-018,1374.5,2138.6,376.94,-2.0271,0,1,0,1,0,SUCCESS,SCN-001,Amazon India,Amazon Seller Services Pvt Ltd,0.4286,0,2000,0,1
TXN-00011,CUST-001,1821.65,2353.88,271.42,-1.9609,0,1,0,1,0,SUCCESS,SCN-001,BESCOM Electricity,Bangalore Electricity Supply Company Ltd,0.4828,0,1800,0,1
TXN-00357,CUST-031,659.79,644.81,714.61,0.021,0,1,0,0,0,SUCCESS,SCN-001,Amazon India,Amazon Seller Services Pvt Ltd,0.4286,0,2000,0,1
TXN-00230,CUST-021,152.41,1048.3,798.28,-1.1223,0,1,0,0,0,SUCCESS,SCN-001,BESCOM Electricity,Bangalore Electricity Supply Company Ltd,0.4828,0,1800,0,1
TXN-00580,CUST-050,1040.68,505.39,373.3,1.4339,0,1,0,0,0,SUCCESS,SCN-001,BESCOM Electricity,Bangalore Electricity Supply Company Ltd,0.4828,0,1800,0,1
TXN-00403,CUST-035,2342.3,2282.37,379.29,0.158,0,0,0,0,0,SUCCESS,SCN-001,BESCOM Electricity,Bangalore Electricity Supply Company Ltd,0.4828,0,1800,0,1
TXN-00462,CUST-040,850.23,1196.19,439.79,-0.7866,0,0,0,1,0,SUCCESS,SCN-001,BESCOM Electricity,Bangalore Electricity Supply Company Ltd,0.4828,0,1800,0,1
TXN-00038,CUST-003,773.26,1081.65,521.41,-0.5915,0,0,0,0,0,SUCCESS,SCN-001,Amazon India,Amazon Seller Services Pvt Ltd,0.4286,0,2000,0,1
TXN-00527,CUST-046,1176.94,1196.36,274.86,-0.0707,0,0,0,0,0,SUCCESS,SCN-001,BESCOM Electricity,Bangalore Electricity Supply Company Ltd,0.4828,0,1800,0,1
TXN-00002,CUST-001,2762.84,2353.88,271.42,1.5067,0,0,0,2,0,SUCCESS,SCN-001,Amazon India,Amazon Seller Services Pvt Ltd,0.4286,0,2000,0,1
TXN-00429,CUST-038,96.32,517.98,595.49,-0.7081,0,0,0,2,0,SUCCESS,SCN-001,BESCOM Electricity,Bangalore Electricity Supply Company Ltd,0.4828,0,1800,0,1
TXN-00475,CUST-041,1818.01,1940.53,270.1,-0.4536,0,0,0,0,0,SUCCESS,SCN-001,BESCOM Electricity,Bangalore Electricity Supply Company Ltd,0.4828,0,1800,0,1
TXN-00393,CUST-034,2187.24,2681.08,396.2,-1.2464,0,0,0,0,0,SUCCESS,SCN-001,Amazon India,Amazon Seller Services Pvt Ltd,0.4286,0,2000,0,1
TXN-00029,CUST-003,1267.31,1081.65,521.41,0.3561,0,1,0,1,0,SUCCESS,SCN-001,BESCOM Electricity,Bangalore Electricity Supply Company Ltd,0.4828,0,1800,0,1
TXN-00078,CUST-008,2908.58,2932.79,364.97,-0.0663,0,1,0,0,0,SUCCESS,SCN-001,BESCOM Electricity,Bangalore Electricity Supply Company Ltd,0.4828,0,1800,0,1
TXN-00245,CUST-022,2419.2,2389.46,702.77,0.0423,0,1,0,0,0,SUCCESS,SCN-001,Amazon India,Amazon Seller Services Pvt Ltd,0.4286,0,2000,0,1
TXN-00081,CUST-008,2701.79,2932.79,364.97,-0.6329,0,1,0,1,0,SUCCESS,SCN-001,Amazon India,Amazon Seller Services Pvt Ltd,0.4286,0,2000,0,1
TXN-00071,CUST-007,1458.57,1161.3,130.42,2.2793,0,0,0,0,0,SUCCESS,SCN-001,Amazon India,Amazon Seller Services Pvt Ltd,0.4286,0,2000,0,1
TXN-00351,CUST-031,1526.97,644.81,714.61,1.2345,0,0,0,0,0,SUCCESS,SCN-001,Amazon India,Amazon Seller Services Pvt Ltd,0.4286,0,2000,0,1
TXN-00555,CUST-048,738.52,2815.92,694.09,-2.993,1,1,0,0,1,SUCCESS,SCN-001,Amazon India,Amazon Seller Services Pvt Ltd,0.4286,0,2000,0,1
TXN-00566,CUST-049,2045.31,1703.4,705.26,0.4848,0,1,0,0,0,SUCCESS,SCN-001,Amazon India,Amazon Seller Services Pvt Ltd,0.4286,0,2000,0,1
TXN-00331,CUST-029,2915.32,2883.75,745.7,0.0423,0,1,0,0,0,SUCCESS,SCN-001,Amazon India,Amazon Seller Services Pvt Ltd,0.4286,0,2000,0,1
TXN-00533,CUST-046,1364.0,1196.36,274.86,0.6099,0,1,0,0,0,SUCCESS,SCN-001,BESCOM Electricity,Bangalore Electricity Supply Company Ltd,0.4828,0,1800,0,1
TXN-00231,CUST-021,1089.06,1048.3,798.28,0.0511,0,0,0,0,0,SUCCESS,SCN-001,Amazon India,Amazon Seller Services Pvt Ltd,0.4286,0,2000,0,1
TXN-00422,CUST-037,1839.82,1345.21,511.82,0.9664,0,0,0,0,0,SUCCESS,SCN-001,BESCOM Electricity,Bangalore Electricity Supply Company Ltd,0.4828,0,1800,0,1
TXN-00470,CUST-041,2120.68,1940.53,270.1,0.667,0,0,0,0,0,SUCCESS,SCN-001,Amazon India,Amazon Seller Services Pvt Ltd,0.4286,0,2000,0,1
TXN-00538,CUST-047,590.81,744.77,556.5,-0.2767,0,1,0,0,0,SUCCESS,SCN-001,Amazon India,Amazon Seller Services Pvt Ltd,0.4286,0,2000,0,1
TXN-00380,CUST-033,1534.21,2149.38,762.79,-0.8065,0,1,0,0,0,SUCCESS,SCN-001,BESCOM Electricity,Bangalore Electricity Supply Company Ltd,0.4828,0,1800,0,1
TXN-00007,CUST-001,1751.24,2353.88,271.42,-2.2203,0,1,0,0,0,SUCCESS,SCN-001,BESCOM Electricity,Bangalore Electricity Supply Company Ltd,0.4828,0,1800,0,1
TXN-00440,CUST-039,3475.49,2763.55,701.74,1.0145,0,1,0,0,0,SUCCESS,SCN-001,BESCOM Electricity,Bangalore Electricity Supply Company Ltd,0.4828,0,1800,0,1
TXN-00026,CUST-002,196.57,717.35,395.35,-1.3173,0,1,0,0,0,SUCCESS,SCN-001,BESCOM Electricity,Bangalore Electricity Supply Company Ltd,0.4828,0,1800,0,1
TXN-00493,CUST-043,698.73,1667.56,610.35,-1.5873,0,1,0,0,0,SUCCESS,SCN-001,Amazon India,Amazon Seller Services Pvt Ltd,0.4286,0,2000,0,1
TXN-00492,CUST-043,2090.23,1667.56,610.35,0.6925,0,0,0,1,0,SUCCESS,SCN-001,BESCOM Electricity,Bangalore Electricity Supply Company Ltd,0.4828,0,1800,0,1
TXN-00539,CUST-047,1364.26,744.77,556.5,1.1132,0,0,0,1,0,SUCCESS,SCN-001,BESCOM Electricity,Bangalore Electricity Supply Company Ltd,0.4828,0,1800,0,1
TXN-00257,CUST-023,1370.37,1991.02,369.34,-1.6804,0,0,0,0,0,SUCCESS,SCN-001,BESCOM Electricity,Bangalore Electricity Supply Company Ltd,0.4828,0,1800,0,1
TXN-00468,CUST-041,1463.04,1940.53,270.1,-1.7678,0,0,0,1,0,SUCCESS,SCN-001,Amazon India,Amazon Seller Services Pvt Ltd,0.4286,0,2000,0,1
TXN-00274,CUST-024,1060.03,1128.54,487.26,-0.1406,0,0,0,0,0,SUCCESS,SCN-001,Amazon India,Amazon Seller Services Pvt Ltd,0.4286,0,2000,0,1
TXN-00540,CUST-047,1025.32,744.77,556.5,0.5041,0,0,0,2,0,SUCCESS,SCN-001,Amazon India,Amazon Seller Services Pvt Ltd,0.4286,0,2000,0,1
TXN-00085,CUST-008,2421.35,2932.79,364.97,-1.4013,0,1,0,0,0,SUCCESS,SCN-001,Amazon India,Amazon Seller Services Pvt Ltd,0.4286,0,2000,0,1
TXN-00105,CUST-010,1376.68,2153.16,641.15,-1.2111,0,1,0,0,0,SUCCESS,SCN-001,Amazon India,Amazon Seller Services Pvt Ltd,0.4286,0,2000,0,1
TXN-00444,CUST-039,3493.78,2763.55,701.74,1.0406,0,1,0,1,0,SUCCESS,SCN-001,BESCOM Electricity,Bangalore Electricity Supply Company Ltd,0.4828,0,1800,0,1
TXN-00465,CUST-040,1423.01,1196.19,439.79,0.5157,0,1,0,0,0,SUCCESS,SCN-001,Amazon India,Amazon Seller Services Pvt Ltd,0.4286,0,2000,0,1
TXN-00419,CUST-037,1039.15,1345.21,511.82,-0.598,0,1,0,0,0,SUCCESS,SCN-001,Amazon India,Amazon Seller Services Pvt Ltd,0.4286,0,2000,0,1
TXN-00241,CUST-021,1846.46,1048.3,798.28,0.9998,0,1,0,0,0,SUCCESS,SCN-001,Amazon India,Amazon Seller Services Pvt Ltd,0.4286,0,2000,0,1
TXN-00284,CUST-025,2758.3,2377.19,638.02,0.5973,0,0,0,0,0,SUCCESS,SCN-001,BESCOM Electricity,Bangalore Electricity Supply Company Ltd,0.4828,0,1800,0,1
TXN-00124,CUST-012,939.15,1425.45,246.65,-1.9716,0,1,0,0,0,SUCCESS,SCN-001,BESCOM Electricity,Bangalore Electricity Supply Company Ltd,0.4828,0,1800,0,1
TXN-00199,CUST-018,2243.07,2138.6,376.94,0.2772,0,1,0,0,0,SUCCESS,SCN-001,Amazon India,Amazon Seller Services Pvt Ltd,0.4286,0,2000,0,1
TXN-00341,CUST-030,1864.85,1721.51,178.31,0.8039,0,1,0,0,0,SUCCESS,SCN-001,BESCOM Electricity,Bangalore Electricity Supply Company Ltd,0.4828,0,1800,0,1
TXN-00270,CUST-024,734.5,1128.54,487.26,-0.8087,0,0,0,0,0,SUCCESS,SCN-001,Amazon India,Amazon Seller Services Pvt Ltd,0.4286,0,2000,0,1
TXN-00176,CUST-016,3022.95,2554.51,663.53,0.706,0,0,0,0,0,SUCCESS,SCN-001,BESCOM Electricity,Bangalore Electricity Supply Company Ltd,0.4828,0,1800,0,1
TXN-00549,CUST-048,2037.19,2815.92,694.09,-1.1219,0,0,0,0,0,SUCCESS,SCN-001,Amazon India,Amazon Seller Services Pvt Ltd,0.4286,0,2000,0,1
TXN-00196,CUST-018,2182.44,2138.6,376.94,0.1163,0,1,0,1,0,SUCCESS,SCN-001,BESCOM Electricity,Bangalore Electricity Supply Company Ltd,0.4828,0,1800,0,1
TXN-00255,CUST-022,2188.08,2389.46,702.77,-0.2866,0,1,0,0,0,SUCCESS,SCN-001,Amazon India,Amazon Seller Services Pvt Ltd,0.4286,0,2000,0,1
TXN-00373,CUST-033,2412.74,2149.38,762.79,0.3453,0,1,0,0,0,SUCCESS,SCN-001,Amazon India,Amazon Seller Services Pvt Ltd,0.4286,0,2000,0,1
TXN-00399,CUST-035,2062.69,2282.37,379.29,-0.5792,0,1,0,0,0,SUCCESS,SCN-001,BESCOM Electricity,Bangalore Electricity Supply Company Ltd,0.4828,0,1800,0,1
TXN-00389,CUST-034,3259.32,2681.08,396.2,1.4595,0,1,0,0,0,SUCCESS,SCN-001,Amazon India,Amazon Seller Services Pvt Ltd,0.4286,0,2000,0,1
TXN-00437,CUST-038,1199.74,517.98,595.49,1.1449,0,0,0,0,0,SUCCESS,SCN-001,BESCOM Electricity,Bangalore Electricity Supply Company Ltd,0.4828,0,1800,0,1
TXN-00372,CUST-033,2309.72,2149.38,762.79,0.2102,0,0,0,1,0,SUCCESS,SCN-001,BESCOM Electricity,Bangalore Electricity Supply Company Ltd,0.4828,0,1800,0,1
TXN-00461,CUST-040,803.82,1196.19,439.79,-0.8922,0,0,0,0,0,SUCCESS,SCN-001,Amazon India,Amazon Seller Services Pvt Ltd,0.4286,0,2000,0,1
TXN-00163,CUST-015,3253.97,2211.54,690.0,1.5108,0,1,0,0,0,SUCCESS,SCN-001,Amazon India,Amazon Seller Services Pvt Ltd,0.4286,0,2000,0,1
TXN-00134,CUST-012,1599.58,1425.45,246.65,0.706,0,1,0,0,0,SUCCESS,SCN-001,BESCOM Electricity,Bangalore Electricity Supply Company Ltd,0.4828,0,1800,0,1
TXN-00332,CUST-029,2762.95,2883.75,745.7,-0.162,0,1,0,0,0,SUCCESS,SCN-001,BESCOM Electricity,Bangalore Electricity Supply Company Ltd,0.4828,0,1800,0,1
TXN-00343,CUST-030,1794.63,1721.51,178.31,0.4101,0,1,0,0,0,SUCCESS,SCN-001,BESCOM Electricity,Bangalore Electricity Supply Company Ltd,0.4828,0,1800,0,1
TXN-00300,CUST-026,1742.51,1586.91,417.61,0.3726,0,1,0,0,0,SUCCESS,SCN-001,Amazon India,Amazon Seller Services Pvt Ltd,0.4286,0,2000,0,1
TXN-00252,CUST-022,2663.44,2389.46,702.77,0.3899,0,1,0,0,0,SUCCESS,SCN-001,BESCOM Electricity,Bangalore Electricity Supply Company Ltd,0.4828,0,1800,0,1
TXN-00326,CUST-029,2756.83,2883.75,745.7,-0.1702,0,1,0,1,0,SUCCESS,SCN-001,BESCOM Electricity,Bangalore Electricity Supply Company Ltd,0.4828,0,1800,0,1
TXN-00100,CUST-009,3339.1,2713.63,353.14,1.7712,0,1,0,0,0,SUCCESS,SCN-001,BESCOM Electricity,Bangalore Electricity Supply Company Ltd,0.4828,0,1800,0,1
TXN-00551,CUST-048,3545.03,2815.92,694.09,1.0505,0,1,0,0,0,SUCCESS,SCN-001,Amazon India,Amazon Seller Services Pvt Ltd,0.4286,0,2000,0,1
TXN-00582,CUST-050,160.18,505.39,373.3,-0.9248,0,0,0,0,0,SUCCESS,SCN-001,BESCOM Electricity,Bangalore Electricity Supply Company Ltd,0.4828,0,1800,0,1
TXN-00264,CUST-023,1729.91,1991.02,369.34,-0.707,0,0,0,0,0,SUCCESS,SCN-001,Amazon India,Amazon Seller Services Pvt Ltd,0.4286,0,2000,0,1
TXN-00469,CUST-041,2035.83,1940.53,270.1,0.3528,0,1,0,0,0,SUCCESS,SCN-001,BESCOM Electricity,Bangalore Electricity Supply Company Ltd,0.4828,0,1800,0,1
TXN-00505,CUST-044,954.46,1506.55,337.51,-1.6358,0,1,0,0,0,SUCCESS,SCN-001,BESCOM Electricity,Bangalore Electricity Supply Company Ltd,0.4828,0,1800,0,1
TXN-00301,CUST-026,1479.32,1586.91,417.61,-0.2576,0,1,0,1,0,SUCCESS,SCN-001,BESCOM Electricity,Bangalore Electricity Supply Company Ltd,0.4828,0,1800,0,1
TXN-00108,CUST-010,2279.0,2153.16,641.15,0.1963,0,1,0,0,0,SUCCESS,SCN-001,BESCOM Electricity,Bangalore Electricity Supply Company Ltd,0.4828,0,1800,0,1
TXN-00232,CUST-021,554.53,1048.3,798.28,-0.6185,0,1,0,0,0,SUCCESS,SCN-001,BESCOM Electricity,Bangalore Electricity Supply Company Ltd,0.4828,0,1800,0,1
TXN-00349,CUST-031,461.5,644.81,714.61,-0.2565,0,1,0,0,0,SUCCESS,SCN-001,Amazon India,Amazon Seller Services Pvt Ltd,0.4286,0,2000,0,1
TXN-00111,CUST-010,1681.24,2153.16,641.15,-0.7361,0,1,0,1,0,SUCCESS,SCN-001,Amazon India,Amazon Seller Services Pvt Ltd,0.4286,0,2000,0,1
TXN-00375,CUST-033,3087.01,2149.38,762.79,1.2292,0,1,0,0,0,SUCCESS,SCN-001,Amazon India,Amazon Seller Services Pvt Ltd,0.4286,0,2000,0,1
TXN-00318,CUST-028,1852.21,2022.43,206.99,-0.8224,0,1,0,0,0,SUCCESS,SCN-001,Amazon India,Amazon Seller Services Pvt Ltd,0.4286,0,2000,0,1
TXN-00458,CUST-040,1377.07,1196.19,439.79,0.4113,0,1,0,0,0,SUCCESS,SCN-001,BESCOM Electricity,Bangalore Electricity Supply Company Ltd,0.4828,0,1800,0,1
TXN-00577,CUST-050,831.95,505.39,373.3,0.8748,0,1,0,1,0,SUCCESS,SCN-001,Amazon India,Amazon Seller Services Pvt Ltd,0.4286,0,2000,0,1
TXN-00374,CUST-033,2088.82,2149.38,762.79,-0.0794,0,0,0,1,0,SUCCESS,SCN-001,BESCOM Electricity,Bangalore Electricity Supply Company Ltd,0.4828,0,1800,0,1
TXN-00384,CUST-034,2222.04,2681.08,396.2,-1.1586,0,1,0,0,0,SUCCESS,SCN-001,BESCOM Electricity,Bangalore Electricity Supply Company Ltd,0.4828,0,1800,0,1
TXN-00417,CUST-037,1827.84,1345.21,511.82,0.943,0,1,0,0,0,SUCCESS,SCN-001,Amazon India,Amazon Seller Services Pvt Ltd,0.4286,0,2000,0,1
TXN-00559,CUST-049,1519.66,1703.4,705.26,-0.2605,0,1,0,0,0,SUCCESS,SCN-001,BESCOM Electricity,Bangalore Electricity Supply Company Ltd,0.4828,0,1800,0,1
TXN-00206,CUST-019,1569.34,1162.2,272.64,1.4933,0,1,0,0,0,SUCCESS,SCN-001,BESCOM Electricity,Bangalore Electricity Supply Company Ltd,0.4828,0,1800,0,1
TXN-00131,CUST-012,1371.76,1425.45,246.65,-0.2177,0,1,0,0,0,SUCCESS,SCN-001,Amazon India,Amazon Seller Services Pvt Ltd,0.4286,0,2000,0,1
TXN-00427,CUST-038,1027.21,517.98,595.49,0.8551,0,1,0,0,0,SUCCESS,SCN-001,BESCOM Electricity,Bangalore Electricity Supply Company Ltd,0.4828,0,1800,0,1
TXN-00073,CUST-007,1154.27,1161.3,130.42,-0.0539,0,1,0,0,0,SUCCESS,SCN-001,Amazon India,Amazon Seller Services Pvt Ltd,0.4286,0,2000,0,1
TXN-00287,CUST-025,3434.49,2377.19,638.02,1.6572,0,1,0,0,0,SUCCESS,SCN-001,Amazon India,Amazon Seller Services Pvt Ltd,0.4286,0,2000,0,1
TXN-00515,CUST-044,1664.37,1506.55,337.51,0.4676,0,1,0,0,0,SUCCESS,SCN-001,BESCOM Electricity,Bangalore Electricity Supply Company Ltd,0.4828,0,1800,0,1
TXN-00123,CUST-011,2075.9,1450.32,417.39,1.4988,0,0,0,0,0,SUCCESS,SCN-001,Amazon India,Amazon Seller Services Pvt Ltd,0.4286,0,2000,0,1
TXN-00367,CUST-032,2500.68,2540.06,784.59,-0.0502,0,0,0,0,0,SUCCESS,SCN-001,Amazon India,Amazon Seller Services Pvt Ltd,0.4286,0,2000,0,1
TXN-00211,CUST-019,1011.53,1162.2,272.64,-0.5526,0,1,0,1,0,SUCCESS,SCN-001,Amazon India,Amazon Seller Services Pvt Ltd,0.4286,0,2000,0,1
TXN-00116,CUST-011,1611.49,1450.32,417.39,0.3861,0,1,0,1,0,SUCCESS,SCN-001,BESCOM Electricity,Bangalore Electricity Supply Company Ltd,0.4828,0,1800,0,1
TXN-00507,CUST-044,1576.7,1506.55,337.51,0.2078,0,1,0,1,0,SUCCESS,SCN-001,BESCOM Electricity,Bangalore Electricity Supply Company Ltd,0.4828,0,1800,0,1
TXN-00339,CUST-030,1848.91,1721.51,178.31,0.7145,0,1,0,0,0,SUCCESS,SCN-001,BESCOM Electricity,Bangalore Electricity Supply Company Ltd,0.4828,0,1800,0,1
TXN-00242,CUST-022,2256.26,2389.46,702.77,-0.1895,0,1,0,0,0,SUCCESS,SCN-001,BESCOM Electricity,Bangalore Electricity Supply Company Ltd,0.4828,0,1800,0,1
TXN-00517,CUST-045,1800.73,978.98,475.4,1.7285,0,1,0,0,0,SUCCESS,SCN-001,Amazon India,Amazon Seller Services Pvt Ltd,0.4286,0,2000,0,1
TXN-00238,CUST-021,2125.09,1048.3,798.28,1.3489,0,0,0,0,0,SUCCESS,SCN-001,BESCOM Electricity,Bangalore Electricity Supply Company Ltd,0.4828,0,1800,0,1
TXN-00062,CUST-006,694.38,755.53,365.95,-0.1671,0,0,0,0,0,SUCCESS,SCN-001,Amazon India,Amazon Seller Services Pvt Ltd,0.4286,0,2000,0,1
TXN-00518,CUST-045,251.11,978.98,475.4,-1.5311,0,0,0,1,0,SUCCESS,SCN-001,BESCOM Electricity,Bangalore Electricity Supply Company Ltd,0.4828,0,1800,0,1
TXN-00386,CUST-034,2416.29,2681.08,396.2,-0.6683,0,1,0,0,0,SUCCESS,SCN-001,BESCOM Electricity,Bangalore Electricity Supply Company Ltd,0.4828,0,1800,0,1
TXN-00224,CUST-020,2535.32,2367.53,399.9,0.4196,0,1,0,0,0,SUCCESS,SCN-001,Amazon India,Amazon Seller Services Pvt Ltd,0.4286,0,2000,0,1
TXN-00079,CUST-008,3125.66,2932.79,364.97,0.5285,0,0,0,0,0,SUCCESS,SCN-001,Amazon India,Amazon Seller Services Pvt Ltd,0.4286,0,2000,0,1
TXN-00295,CUST-026,1846.68,1586.91,417.61,0.622,0,0,0,0,0,SUCCESS,SCN-001,BESCOM Electricity,Bangalore Electricity Supply Company Ltd,0.4828,0,1800,0,1
TXN-00379,CUST-033,1114.61,2149.38,762.79,-1.3566,0,0,0,0,0,SUCCESS,SCN-001,Amazon India,Amazon Seller Services Pvt Ltd,0.4286,0,2000,0,1
TXN-00266,CUST-023,2023.64,1991.02,369.34,0.0883,0,1,0,0,0,SUCCESS,SCN-001,Amazon India,Amazon Seller Services Pvt Ltd,0.4286,0,2000,0,1
TXN-00304,CUST-027,1936.75,2404.91,455.38,-1.0281,0,1,0,0,0,SUCCESS,SCN-001,Amazon India,Amazon Seller Services Pvt Ltd,0.4286,0,2000,0,1
TXN-00149,CUST-014,50.0,1448.64,792.67,-1.7645,0,1,0,0,0,SUCCESS,SCN-001,Amazon India,Amazon Seller Services Pvt Ltd,0.4286,0,2000,0,1
TXN-00411,CUST-036,3177.94,2749.04,416.04,1.0309,0,1,0,0,0,SUCCESS,SCN-001,Amazon India,Amazon Seller Services Pvt Ltd,0.4286,0,2000,0,1
TXN-00472,CUST-041,1777.0,1940.53,270.1,-0.6054,0,1,0,0,0,SUCCESS,SCN-001,Amazon India,Amazon Seller Services Pvt Ltd,0.4286,0,2000,0,1
TXN-00125,CUST-012,1384.61,1425.45,246.65,-0.1656,0,1,0,0,0,SUCCESS,SCN-001,Amazon India,Amazon Seller Services Pvt Ltd,0.4286,0,2000,0,1
TXN-00168,CUST-015,2982.38,2211.54,690.0,1.1172,0,1,0,0,0,SUCCESS,SCN-001,BESCOM Electricity,Bangalore Electricity Supply Company Ltd,0.4828,0,1800,0,1
TXN-00542,CUST-047,888.91,744.77,556.5,0.259,0,1,0,0,0,SUCCESS,SCN-001,Amazon India,Amazon Seller Services Pvt Ltd,0.4286,0,2000,0,1
TXN-00268,CUST-024,127.65,1128.54,487.26,-2.0541,0,1,0,0,0,SUCCESS,SCN-001,Amazon India,Amazon Seller Services Pvt Ltd,0.4286,0,2000,0,1
TXN-00499,CUST-043,1634.71,1667.56,610.35,-0.0538,0,0,0,0,0,SUCCESS,SCN-001,Amazon India,Amazon Seller Services Pvt Ltd,0.4286,0,2000,0,1
TXN-00369,CUST-032,3328.41,2540.06,784.59,1.0048,0,0,0,0,0,SUCCESS,SCN-001,Amazon India,Amazon Seller Services Pvt Ltd,0.4286,0,2000,0,1
TXN-00180,CUST-016,2834.55,2554.51,663.53,0.422,0,1,0,0,0,SUCCESS,SCN-001,BESCOM Electricity,Bangalore Electricity Supply Company Ltd,0.4828,0,1800,0,1
TXN-00292,CUST-025,2701.44,2377.19,638.02,0.5082,0,1,0,0,0,SUCCESS,SCN-001,BESCOM Electricity,Bangalore Electricity Supply Company Ltd,0.4828,0,1800,0,1
TXN-00579,CUST-050,552.61,505.39,373.3,0.1265,0,1,0,0,0,SUCCESS,SCN-001,Amazon India,Amazon Seller Services Pvt Ltd,0.4286,0,2000,0,1
TXN-00583,CUST-050,685.33,505.39,373.3,0.482,0,1,1,1,0,SUCCESS,SCN-001,Amazon India,Amazon Seller Services Pvt Ltd,0.4286,0,2000,0,1
TXN-00581,CUST-050,60.89,505.39,373.3,-1.1907,0,1,2,2,0,SUCCESS,SCN-001,Amazon India,Amazon Seller Services Pvt Ltd,0.4286,0,2000,0,1
TXN-00330,CUST-029,2638.64,2883.75,745.7,-0.3287,0,1,0,0,0,SUCCESS,SCN-001,BESCOM Electricity,Bangalore Electricity Supply Company Ltd,0.4828,0,1800,0,1
TXN-00170,CUST-016,2786.71,2554.51,663.53,0.3499,0,0,0,1,0,SUCCESS,SCN-001,BESCOM Electricity,Bangalore Electricity Supply Company Ltd,0.4828,0,1800,0,1
TXN-00557,CUST-048,2825.27,2815.92,694.09,0.0135,0,0,0,0,0,SUCCESS,SCN-001,Amazon India,Amazon Seller Services Pvt Ltd,0.4286,0,2000,0,1
TXN-00305,CUST-027,2754.69,2404.91,455.38,0.7681,0,0,0,0,0,SUCCESS,SCN-001,BESCOM Electricity,Bangalore Electricity Supply Company Ltd,0.4828,0,1800,0,1
TXN-00571,CUST-049,3077.98,1703.4,705.26,1.949,0,0,0,0,0,SUCCESS,SCN-001,BESCOM Electricity,Bangalore Electricity Supply Company Ltd,0.4828,0,1800,0,1
TXN-00155,CUST-014,2826.38,1448.64,792.67,1.7381,0,0,0,0,0,SUCCESS,SCN-001,Amazon India,Amazon Seller Services Pvt Ltd,0.4286,0,2000,0,1
TXN-00570,CUST-049,1256.68,1703.4,705.26,-0.6334,0,1,0,1,0,SUCCESS,SCN-001,Amazon India,Amazon Seller Services Pvt Ltd,0.4286,0,2000,0,1
TXN-00420,CUST-037,1528.34,1345.21,511.82,0.3578,0,1,0,0,0,SUCCESS,SCN-001,BESCOM Electricity,Bangalore Electricity Supply Company Ltd,0.4828,0,1800,0,1
TXN-00121,CUST-011,1027.84,1450.32,417.39,-1.0122,0,1,0,0,0,SUCCESS,SCN-001,Amazon India,Amazon Seller Services Pvt Ltd,0.4286,0,2000,0,1
TXN-00536,CUST-047,291.98,744.77,556.5,-0.8136,0,1,0,0,0,SUCCESS,SCN-001,Amazon India,Amazon Seller Services Pvt Ltd,0.4286,0,2000,0,1
TXN-00544,CUST-047,845.45,744.77,556.5,0.1809,0,1,1,1,0,SUCCESS,SCN-001,Amazon India,Amazon Seller Services Pvt Ltd,0.4286,0,2000,0,1
TXN-00352,CUST-031,1280.29,644.81,714.61,0.8893,0,1,0,0,0,SUCCESS,SCN-001,BESCOM Electricity,Bangalore Electricity Supply Company Ltd,0.4828,0,1800,0,1
TXN-00260,CUST-023,1767.04,1991.02,369.34,-0.6064,0,0,0,0,0,SUCCESS,SCN-001,Amazon India,Amazon Seller Services Pvt Ltd,0.4286,0,2000,0,1
TXN-00360,CUST-031,327.61,644.81,714.61,-0.4439,0,0,0,1,0,SUCCESS,SCN-001,BESCOM Electricity,Bangalore Electricity Supply Company Ltd,0.4828,0,1800,0,1
TXN-00442,CUST-039,3131.96,2763.55,701.74,0.525,0,0,0,0,0,SUCCESS,SCN-001,BESCOM Electricity,Bangalore Electricity Supply Company Ltd,0.4828,0,1800,0,1
TXN-00522,CUST-045,1176.24,978.98,475.4,0.4149,0,0,0,0,0,SUCCESS,SCN-001,BESCOM Electricity,Bangalore Electricity Supply Company Ltd,0.4828,0,1800,0,1
TXN-00281,CUST-025,2168.42,2377.19,638.02,-0.3272,0,0,0,0,0,SUCCESS,SCN-001,Amazon India,Amazon Seller Services Pvt Ltd,0.4286,0,2000,0,1
TXN-00394,CUST-034,2498.47,2681.08,396.2,-0.4609,0,0,0,0,0,SUCCESS,SCN-001,BESCOM Electricity,Bangalore Electricity Supply Company Ltd,0.4828,0,1800,0,1
TXN-00181,CUST-017,50.0,1027.46,760.04,-1.2861,0,1,0,0,0,SUCCESS,SCN-001,BESCOM Electricity,Bangalore Electricity Supply Company Ltd,0.4828,0,1800,0,1
TXN-00059,CUST-006,992.63,755.53,365.95,0.6479,0,1,0,0,0,SUCCESS,SCN-001,BESCOM Electricity,Bangalore Electricity Supply Company Ltd,0.4828,0,1800,0,1
TXN-00441,CUST-039,2283.84,2763.55,701.74,-0.6836,0,1,0,1,0,SUCCESS,SCN-001,Amazon India,Amazon Seller Services Pvt Ltd,0.4286,0,2000,0,1
TXN-00412,CUST-037,1688.29,1345.21,511.82,0.6703,0,1,0,0,0,SUCCESS,SCN-001,BESCOM Electricity,Bangalore Electricity Supply Company Ltd,0.4828,0,1800,0,1
TXN-00483,CUST-042,50.0,735.81,561.29,-1.2218,0,1,0,0,0,SUCCESS,SCN-001,Amazon India,Amazon Seller Services Pvt Ltd,0.4286,0,2000,0,1
TXN-00018,CUST-002,1076.7,717.35,395.35,0.9089,0,0,0,0,0,SUCCESS,SCN-001,BESCOM Electricity,Bangalore Electricity Supply Company Ltd,0.4828,0,1800,0,1
TXN-00269,CUST-024,1438.22,1128.54,487.26,0.6356,0,0,0,0,0,SUCCESS,SCN-001,BESCOM Electricity,Bangalore Electricity Supply Company Ltd,0.4828,0,1800,0,1
TXN-00320,CUST-028,1861.31,2022.43,206.99,-0.7784,0,0,0,0,0,SUCCESS,SCN-001,Amazon India,Amazon Seller Services Pvt Ltd,0.4286,0,2000,0,1
TXN-00387,CUST-034,2637.26,2681.08,396.2,-0.1106,0,0,0,1,0,SUCCESS,SCN-001,Amazon India,Amazon Seller Services Pvt Ltd,0.4286,0,2000,0,1
TXN-00453,CUST-039,1480.72,2763.55,701.74,-1.8281,0,0,0,1,0,SUCCESS,SCN-001,Amazon India,Amazon Seller Services Pvt Ltd,0.4286,0,2000,0,1
TXN-00584,CUST-050,599.78,505.39,373.3,0.2529,0,0,0,0,0,SUCCESS,SCN-001,BESCOM Electricity,Bangalore Electricity Supply Company Ltd,0.4828,0,1800,0,1
TXN-00084,CUST-008,3553.5,2932.79,364.97,1.7007,0,1,0,0,0,SUCCESS,SCN-001,BESCOM Electricity,Bangalore Electricity Supply Company Ltd,0.4828,0,1800,0,1
TXN-00067,CUST-006,213.81,755.53,365.95,-1.4803,0,1,0,1,0,SUCCESS,SCN-001,BESCOM Electricity,Bangalore Electricity Supply Company Ltd,0.4828,0,1800,0,1
TXN-00077,CUST-007,968.11,1161.3,130.42,-1.4813,0,1,0,0,0,SUCCESS,SCN-001,Amazon India,Amazon Seller Services Pvt Ltd,0.4286,0,2000,0,1
TXN-00239,CUST-021,212.2,1048.3,798.28,-1.0474,0,1,0,0,0,SUCCESS,SCN-001,Amazon India,Amazon Seller Services Pvt Ltd,0.4286,0,2000,0,1
TXN-00133,CUST-012,1505.09,1425.45,246.65,0.3229,0,1,0,0,0,SUCCESS,SCN-001,Amazon India,Amazon Seller Services Pvt Ltd,0.4286,0,2000,0,1
TXN-00240,CUST-021,776.07,1048.3,798.28,-0.341,0,1,0,1,0,SUCCESS,SCN-001,BESCOM Electricity,Bangalore Electricity Supply Company Ltd,0.4828,0,1800,0,1
TXN-00005,CUST-001,2345.26,2353.88,271.42,-0.0318,0,1,0,0,0,SUCCESS,SCN-001,BESCOM Electricity,Bangalore Electricity Supply Company Ltd,0.4828,0,1800,0,1
TXN-00057,CUST-005,2397.94,2245.35,338.18,0.4512,0,0,0,0,0,SUCCESS,SCN-001,BESCOM Electricity,Bangalore Electricity Supply Company Ltd,0.4828,0,1800,0,1
TXN-00317,CUST-028,2267.57,2022.43,206.99,1.1843,0,0,0,1,0,SUCCESS,SCN-001,BESCOM Electricity,Bangalore Electricity Supply Company Ltd,0.4828,0,1800,0,1
TXN-00455,CUST-040,1628.32,1196.19,439.79,0.9826,0,0,0,0,0,SUCCESS,SCN-001,Amazon India,Amazon Seller Services Pvt Ltd,0.4286,0,2000,0,1
TXN-00223,CUST-020,1950.25,2367.53,399.9,-1.0435,0,0,0,0,0,SUCCESS,SCN-001,BESCOM Electricity,Bangalore Electricity Supply Company Ltd,0.4828,0,1800,0,1
TXN-00480,CUST-042,1378.43,735.81,561.29,1.1449,0,0,0,0,0,SUCCESS,SCN-001,BESCOM Electricity,Bangalore Electricity Supply Company Ltd,0.4828,0,1800,0,1
TXN-00205,CUST-019,726.58,1162.2,272.64,-1.5978,0,0,0,0,0,SUCCESS,SCN-001,Amazon India,Amazon Seller Services Pvt Ltd,0.4286,0,2000,0,1
TXN-00262,CUST-023,1957.75,1991.02,369.34,-0.0901,0,0,0,0,0,SUCCESS,SCN-001,Amazon India,Amazon Seller Services Pvt Ltd,0.4286,0,2000,0,1
TXN-00249,CUST-022,2726.52,2389.46,702.77,0.4796,0,0,0,0,0,SUCCESS,SCN-001,Amazon India,Amazon Seller Services Pvt Ltd,0.4286,0,2000,0,1
TXN-00017,CUST-002,249.33,717.35,395.35,-1.1838,0,1,0,0,0,SUCCESS,SCN-001,Amazon India,Amazon Seller Services Pvt Ltd,0.4286,0,2000,0,1
TXN-00457,CUST-040,1687.24,1196.19,439.79,1.1166,0,1,0,1,0,SUCCESS,SCN-001,Amazon India,Amazon Seller Services Pvt Ltd,0.4286,0,2000,0,1
TXN-00568,CUST-049,1963.17,1703.4,705.26,0.3683,0,1,0,0,0,SUCCESS,SCN-001,Amazon India,Amazon Seller Services Pvt Ltd,0.4286,0,2000,0,1
TXN-00397,CUST-035,2578.57,2282.37,379.29,0.7809,0,1,0,0,0,SUCCESS,SCN-001,BESCOM Electricity,Bangalore Electricity Supply Company Ltd,0.4828,0,1800,0,1
TXN-00082,CUST-008,2727.8,2932.79,364.97,-0.5617,0,1,0,0,0,SUCCESS,SCN-001,BESCOM Electricity,Bangalore Electricity Supply Company Ltd,0.4828,0,1800,0,1
TXN-00303,CUST-027,2220.62,2404.91,455.38,-0.4047,0,1,0,0,0,SUCCESS,SCN-001,BESCOM Electricity,Bangalore Electricity Supply Company Ltd,0.4828,0,1800,0,1
TXN-00488,CUST-042,148.66,735.81,561.29,-1.0461,0,1,0,1,0,SUCCESS,SCN-001,BESCOM Electricity,Bangalore Electricity Supply Company Ltd,0.4828,0,1800,0,1
TXN-00147,CUST-013,2136.69,2087.45,473.9,0.1039,0,1,0,0,0,SUCCESS,SCN-001,BESCOM Electricity,Bangalore Electricity Supply Company Ltd,0.4828,0,1800,0,1
TXN-00202,CUST-018,1939.37,2138.6,376.94,-0.5285,0,1,0,0,0,SUCCESS,SCN-001,BESCOM Electricity,Bangalore Electricity Supply Company Ltd,0.4828,0,1800,0,1
TXN-00290,CUST-025,2095.77,2377.19,638.02,-0.4411,0,1,0,0,0,SUCCESS,SCN-001,BESCOM Electricity,Bangalore Electricity Supply Company Ltd,0.4828,0,1800,0,1
TXN-00193,CUST-017,1271.64,1027.46,760.04,0.3213,0,0,0,0,0,SUCCESS,SCN-001,BESCOM Electricity,Bangalore Electricity Supply Company Ltd,0.4828,0,1800,0,1
TXN-00213,CUST-019,1093.21,1162.2,272.64,-0.253,0,0,0,1,0,SUCCESS,SCN-001,Amazon India,Amazon Seller Services Pvt Ltd,0.4286,0,2000,0,1
TXN-00214,CUST-019,1175.4,1162.2,272.64,0.0484,0,0,1,2,0,SUCCESS,SCN-001,BESCOM Electricity,Bangalore Electricity Supply Company Ltd,0.4828,0,1800,0,1
TXN-00261,CUST-023,1307.23,1991.02,369.34,-1.8514,0,0,0,1,0,SUCCESS,SCN-001,BESCOM Electricity,Bangalore Electricity Supply Company Ltd,0.4828,0,1800,0,1
TXN-00306,CUST-027,2682.09,2404.91,455.38,0.6087,0,0,0,1,0,SUCCESS,SCN-001,Amazon India,Amazon Seller Services Pvt Ltd,0.4286,0,2000,0,1
TXN-00237,CUST-021,458.06,1048.3,798.28,-0.7394,0,0,0,0,0,SUCCESS,SCN-001,Amazon India,Amazon Seller Services Pvt Ltd,0.4286,0,2000,0,1
TXN-00087,CUST-008,2885.64,2932.79,364.97,-0.1292,0,0,0,1,0,SUCCESS,SCN-001,Amazon India,Amazon Seller Services Pvt Ltd,0.4286,0,2000,0,1
TXN-00254,CUST-022,2064.15,2389.46,702.77,-0.4629,0,0,0,1,0,SUCCESS,SCN-001,BESCOM Electricity,Bangalore Electricity Supply Company Ltd,0.4828,0,1800,0,1
TXN-00291,CUST-025,3467.89,2377.19,638.02,1.7095,0,1,0,1,0,SUCCESS,SCN-001,Amazon India,Amazon Seller Services Pvt Ltd,0.4286,0,2000,0,1
TXN-00476,CUST-042,1168.5,735.81,561.29,0.7709,0,1,0,1,0,SUCCESS,SCN-001,BESCOM Electricity,Bangalore Electricity Supply Company Ltd,0.4828,0,1800,0,1
TXN-00003,CUST-001,2322.84,2353.88,271.42,-0.1144,0,1,0,0,0,SUCCESS,SCN-001,BESCOM Electricity,Bangalore Electricity Supply Company Ltd,0.4828,0,1800,0,1
TXN-00178,CUST-016,1851.67,2554.51,663.53,-1.0592,0,1,0,0,0,SUCCESS,SCN-001,BESCOM Electricity,Bangalore Electricity Supply Company Ltd,0.4828,0,1800,0,1
TXN-00190,CUST-017,50.0,1027.46,760.04,-1.2861,0,1,0,1,0,SUCCESS,SCN-001,Amazon India,Amazon Seller Services Pvt Ltd,0.4286,0,2000,0,1
TXN-00552,CUST-048,3641.39,2815.92,694.09,1.1893,0,1,0,0,0,SUCCESS,SCN-001,BESCOM Electricity,Bangalore Electricity Supply Company Ltd,0.4828,0,1800,0,1
TXN-00109,CUST-010,2166.86,2153.16,641.15,0.0214,0,0,0,0,0,SUCCESS,SCN-001,Amazon India,Amazon Seller Services Pvt Ltd,0.4286,0,2000,0,1
TXN-00563,CUST-049,856.29,1703.4,705.26,-1.2011,0,0,0,0,0,SUCCESS,SCN-001,BESCOM Electricity,Bangalore Electricity Supply Company Ltd,0.4828,0,1800,0,1
TXN-00572,CUST-050,703.72,505.39,373.3,0.5313,0,0,0,0,0,SUCCESS,SCN-001,BESCOM Electricity,Bangalore Electricity Supply Company Ltd,0.4828,0,1800,0,1
TXN-00402,CUST-035,2673.33,2282.37,379.29,1.0308,0,0,0,0,0,SUCCESS,SCN-001,Amazon India,Amazon Seller Services Pvt Ltd,0.4286,0,2000,0,1
TXN-00456,CUST-040,1393.88,1196.19,439.79,0.4495,0,0,0,0,0,SUCCESS,SCN-001,BESCOM Electricity,Bangalore Electricity Supply Company Ltd,0.4828,0,1800,0,1
TXN-00166,CUST-015,1877.46,2211.54,690.0,-0.4842,0,1,0,0,0,SUCCESS,SCN-001,BESCOM Electricity,Bangalore Electricity Supply Company Ltd,0.4828,0,1800,0,1
TXN-00514,CUST-044,1284.06,1506.55,337.51,-0.6592,0,1,0,0,0,SUCCESS,SCN-001,Amazon India,Amazon Seller Services Pvt Ltd,0.4286,0,2000,0,1
TXN-00030,CUST-003,1246.23,1081.65,521.41,0.3156,0,1,0,0,0,SUCCESS,SCN-001,Amazon India,Amazon Seller Services Pvt Ltd,0.4286,0,2000,0,1
TXN-00053,CUST-005,2650.69,2245.35,338.18,1.1986,0,1,0,0,0,SUCCESS,SCN-001,BESCOM Electricity,Bangalore Electricity Supply Company Ltd,0.4828,0,1800,0,1
TXN-00219,CUST-020,2403.33,2367.53,399.9,0.0895,0,1,0,0,0,SUCCESS,SCN-001,BESCOM Electricity,Bangalore Electricity Supply Company Ltd,0.4828,0,1800,0,1
TXN-00308,CUST-027,3612.2,2404.91,455.38,2.6512,1,1,0,0,1,SUCCESS,SCN-001,Amazon India,Amazon Seller Services Pvt Ltd,0.4286,0,2000,0,1
TXN-00348,CUST-031,50.0,644.81,714.61,-0.8324,0,1,0,0,0,SUCCESS,SCN-001,BESCOM Electricity,Bangalore Electricity Supply Company Ltd,0.4828,0,1800,0,1
TXN-00215,CUST-020,2630.43,2367.53,399.9,0.6574,0,0,0,1,0,SUCCESS,SCN-001,BESCOM Electricity,Bangalore Electricity Supply Company Ltd,0.4828,0,1800,0,1
TXN-00324,CUST-028,1934.21,2022.43,206.99,-0.4262,0,1,0,0,0,SUCCESS,SCN-001,Amazon India,Amazon Seller Services Pvt Ltd,0.4286,0,2000,0,1
TXN-00388,CUST-034,2340.88,2681.08,396.2,-0.8587,0,1,0,0,0,SUCCESS,SCN-001,BESCOM Electricity,Bangalore Electricity Supply Company Ltd,0.4828,0,1800,0,1
TXN-00426,CUST-037,1679.56,1345.21,511.82,0.6533,0,1,0,0,0,SUCCESS,SCN-001,BESCOM Electricity,Bangalore Electricity Supply Company Ltd,0.4828,0,1800,0,1
TXN-00136,CUST-013,1625.91,2087.45,473.9,-0.9739,0,1,0,0,0,SUCCESS,SCN-001,Amazon India,Amazon Seller Services Pvt Ltd,0.4286,0,2000,0,1
TXN-00065,CUST-006,1162.49,755.53,365.95,1.1121,0,1,0,0,0,SUCCESS,SCN-001,BESCOM Electricity,Bangalore Electricity Supply Company Ltd,0.4828,0,1800,0,1
TXN-00509,CUST-044,1564.86,1506.55,337.51,0.1728,0,1,0,0,0,SUCCESS,SCN-001,BESCOM Electricity,Bangalore Electricity Supply Company Ltd,0.4828,0,1800,0,1
TXN-00556,CUST-048,2614.5,2815.92,694.09,-0.2902,0,1,0,0,0,SUCCESS,SCN-001,BESCOM Electricity,Bangalore Electricity Supply Company Ltd,0.4828,0,1800,0,1
TXN-00174,CUST-016,2279.75,2554.51,663.53,-0.4141,0,0,0,0,0,SUCCESS,SCN-001,BESCOM Electricity,Bangalore Electricity Supply Company Ltd,0.4828,0,1800,0,1
TXN-00175,CUST-016,1851.75,2554.51,663.53,-1.0591,0,0,1,1,0,SUCCESS,SCN-001,Amazon India,Amazon Seller Services Pvt Ltd,0.4286,0,2000,0,1
TXN-00267,CUST-024,2063.73,1128.54,487.26,1.9193,0,0,0,0,0,SUCCESS,SCN-001,BESCOM Electricity,Bangalore Electricity Supply Company Ltd,0.4828,0,1800,0,1
TXN-00091,CUST-009,2738.31,2713.63,353.14,0.0699,0,1,0,0,0,SUCCESS,SCN-001,Amazon India,Amazon Seller Services Pvt Ltd,0.4286,0,2000,0,1
TXN-00256,CUST-022,1689.56,2389.46,702.77,-0.9959,0,1,0,0,0,SUCCESS,SCN-001,BESCOM Electricity,Bangalore Electricity Supply Company Ltd,0.4828,0,1800,0,1
TXN-00439,CUST-038,1495.15,517.98,595.49,1.641,0,1,0,0,0,SUCCESS,SCN-001,BESCOM Electricity,Bangalore Electricity Supply Company Ltd,0.4828,0,1800,0,1
TXN-00016,CUST-002,998.34,717.35,395.35,0.7107,0,1,0,0,0,SUCCESS,SCN-001,BESCOM Electricity,Bangalore Electricity Supply Company Ltd,0.4828,0,1800,0,1
TXN-00112,CUST-011,1480.15,1450.32,417.39,0.0715,0,1,0,0,0,SUCCESS,SCN-001,BESCOM Electricity,Bangalore Electricity Supply Company Ltd,0.4828,0,1800,0,1
TXN-00529,CUST-046,775.01,1196.36,274.86,-1.533,0,1,0,0,0,SUCCESS,SCN-001,BESCOM Electricity,Bangalore Electricity Supply Company Ltd,0.4828,0,1800,0,1
TXN-00095,CUST-009,2577.23,2713.63,353.14,-0.3862,0,1,0,1,0,SUCCESS,SCN-001,Amazon India,Amazon Seller Services Pvt Ltd,0.4286,0,2000,0,1
TXN-00210,CUST-019,1010.55,1162.2,272.64,-0.5562,0,1,0,0,0,SUCCESS,SCN-001,BESCOM Electricity,Bangalore Electricity Supply Company Ltd,0.4828,0,1800,0,1
TXN-00165,CUST-015,1702.77,2211.54,690.0,-0.7373,0,1,0,0,0,SUCCESS,SCN-001,Amazon India,Amazon Seller Services Pvt Ltd,0.4286,0,2000,0,1
TXN-00090,CUST-009,2607.12,2713.63,353.14,-0.3016,0,0,0,2,0,SUCCESS,SCN-001,BESCOM Electricity,Bangalore Electricity Supply Company Ltd,0.4828,0,1800,0,1
TXN-00138,CUST-013,2233.61,2087.45,473.9,0.3084,0,0,0,0,0,SUCCESS,SCN-001,Amazon India,Amazon Seller Services Pvt Ltd,0.4286,0,2000,0,1
TXN-00228,CUST-020,1825.99,2367.53,399.9,-1.3542,0,0,0,0,0,SUCCESS,SCN-001,Amazon India,Amazon Seller Services Pvt Ltd,0.4286,0,2000,0,1
TXN-00313,CUST-027,2507.01,2404.91,455.38,0.2242,0,0,0,0,0,SUCCESS,SCN-001,BESCOM Electricity,Bangalore Electricity Supply Company Ltd,0.4828,0,1800,0,1
TXN-00502,CUST-044,1145.46,1506.55,337.51,-1.0699,0,0,0,0,0,SUCCESS,SCN-001,Amazon India,Amazon Seller Services Pvt Ltd,0.4286,0,2000,0,1
TXN-00297,CUST-026,1034.51,1586.91,417.61,-1.3228,0,1,0,0,0,SUCCESS,SCN-001,BESCOM Electricity,Bangalore Electricity Supply Company Ltd,0.4828,0,1800,0,1
TXN-00056,CUST-005,2676.23,2245.35,338.18,1.2741,0,1,0,0,0,SUCCESS,SCN-001,Amazon India,Amazon Seller Services Pvt Ltd,0.4286,0,2000,0,1
TXN-00490,CUST-043,1498.98,1667.56,610.35,-0.2762,0,1,0,0,0,SUCCESS,SCN-001,BESCOM Electricity,Bangalore Electricity Supply Company Ltd,0.4828,0,1800,0,1
TXN-00520,CUST-045,1313.25,978.98,475.4,0.7031,0,1,0,0,0,SUCCESS,SCN-001,BESCOM Electricity,Bangalore Electricity Supply Company Ltd,0.4828,0,1800,0,1
TXN-00031,CUST-003,425.93,1081.65,521.41,-1.2576,0,0,0,0,0,SUCCESS,SCN-001,BESCOM Electricity,Bangalore Electricity Supply Company Ltd,0.4828,0,1800,0,1
TXN-00143,CUST-013,1791.48,2087.45,473.9,-0.6245,0,1,0,0,0,SUCCESS,SCN-001,BESCOM Electricity,Bangalore Electricity Supply Company Ltd,0.4828,0,1800,0,1
TXN-00115,CUST-011,1271.99,1450.32,417.39,-0.4273,0,1,0,0,0,SUCCESS,SCN-001,Amazon India,Amazon Seller Services Pvt Ltd,0.4286,0,2000,0,1
TXN-00094,CUST-009,2875.04,2713.63,353.14,0.4571,0,0,0,0,0,SUCCESS,SCN-001,BESCOM Electricity,Bangalore Electricity Supply Company Ltd,0.4828,0,1800,0,1
TXN-00314,CUST-027,3217.99,2404.91,455.38,1.7855,0,0,0,0,0,SUCCESS,SCN-001,Amazon India,Amazon Seller Services Pvt Ltd,0.4286,0,2000,0,1
TXN-00217,CUST-020,1757.54,2367.53,399.9,-1.5254,0,1,0,0,0,SUCCESS,SCN-001,BESCOM Electricity,Bangalore Electricity Supply Company Ltd,0.4828,0,1800,0,1
TXN-00184,CUST-017,1600.86,1027.46,760.04,0.7544,0,1,0,0,0,SUCCESS,SCN-001,Amazon India,Amazon Seller Services Pvt Ltd,0.4286,0,2000,0,1
TXN-00069,CUST-006,1341.86,755.53,365.95,1.6022,0,1,0,0,0,SUCCESS,SCN-001,BESCOM Electricity,Bangalore Electricity Supply Company Ltd,0.4828,0,1800,0,1
TXN-00447,CUST-039,2797.58,2763.55,701.74,0.0485,0,1,0,0,0,SUCCESS,SCN-001,Amazon India,Amazon Seller Services Pvt Ltd,0.4286,0,2000,0,1
TXN-00173,CUST-016,1803.09,2554.51,663.53,-1.1325,0,1,0,0,0,SUCCESS,SCN-001,Amazon India,Amazon Seller Services Pvt Ltd,0.4286,0,2000,0,1
TXN-00449,CUST-039,2829.26,2763.55,701.74,0.0936,0,0,0,1,0,SUCCESS,SCN-001,Amazon India,Amazon Seller Services Pvt Ltd,0.4286,0,2000,0,1
TXN-00550,CUST-048,1026.17,2815.92,694.09,-2.5786,1,0,0,0,1,SUCCESS,SCN-001,BESCOM Electricity,Bangalore Electricity Supply Company Ltd,0.4828,0,1800,0,1
TXN-00169,CUST-015,3536.0,2211.54,690.0,1.9195,0,1,0,0,0,SUCCESS,SCN-001,Amazon India,Amazon Seller Services Pvt Ltd,0.4286,0,2000,0,1
TXN-00561,CUST-049,2253.42,1703.4,705.26,0.7799,0,1,0,0,0,SUCCESS,SCN-001,BESCOM Electricity,Bangalore Electricity Supply Company Ltd,0.4828,0,1800,0,1
TXN-00405,CUST-036,2906.19,2749.04,416.04,0.3777,0,1,0,0,0,SUCCESS,SCN-001,Amazon India,Amazon Seller Services Pvt Ltd,0.4286,0,2000,0,1
TXN-00186,CUST-017,1670.18,1027.46,760.04,0.8456,0,1,0,0,0,SUCCESS,SCN-001,Amazon India,Amazon Seller Services Pvt Ltd,0.4286,0,2000,0,1
TXN-00294,CUST-026,2017.03,1586.91,417.61,1.03,0,1,0,0,0,SUCCESS,SCN-001,Amazon India,Amazon Seller Services Pvt Ltd,0.4286,0,2000,0,1
TXN-00289,CUST-025,2293.3,2377.19,638.02,-0.1315,0,0,0,0,0,SUCCESS,SCN-001,Amazon India,Amazon Seller Services Pvt Ltd,0.4286,0,2000,0,1
TXN-00023,CUST-002,992.97,717.35,395.35,0.6972,0,1,0,0,0,SUCCESS,SCN-001,Amazon India,Amazon Seller Services Pvt Ltd,0.4286,0,2000,0,1
TXN-00409,CUST-036,2364.01,2749.04,416.04,-0.9255,0,0,0,0,0,SUCCESS,SCN-001,Amazon India,Amazon Seller Services Pvt Ltd,0.4286,0,2000,0,1
TXN-00454,CUST-040,186.3,1196.19,439.79,-2.2963,0,1,0,0,0,SUCCESS,SCN-001,BESCOM Electricity,Bangalore Electricity Supply Company Ltd,0.4828,0,1800,0,1
TXN-00041,CUST-004,1826.45,1548.8,414.45,0.6699,0,1,0,0,0,SUCCESS,SCN-001,BESCOM Electricity,Bangalore Electricity Supply Company Ltd,0.4828,0,1800,0,1
TXN-00277,CUST-024,1201.02,1128.54,487.26,0.1488,0,1,0,0,0,SUCCESS,SCN-001,BESCOM Electricity,Bangalore Electricity Supply Company Ltd,0.4828,0,1800,0,1
TXN-00479,CUST-042,364.64,735.81,561.29,-0.6613,0,1,0,0,0,SUCCESS,SCN-001,Amazon India,Amazon Seller Services Pvt Ltd,0.4286,0,2000,0,1
TXN-00048,CUST-004,1267.16,1548.8,414.45,-0.6796,0,1,0,1,0,SUCCESS,SCN-001,Amazon India,Amazon Seller Services Pvt Ltd,0.4286,0,2000,0,1
TXN-00114,CUST-011,2207.52,1450.32,417.39,1.8141,0,1,0,0,0,SUCCESS,SCN-001,BESCOM Electricity,Bangalore Electricity Supply Company Ltd,0.4828,0,1800,0,1
TXN-00141,CUST-013,2117.54,2087.45,473.9,0.0635,0,1,0,0,0,SUCCESS,SCN-001,BESCOM Electricity,Bangalore Electricity Supply Company Ltd,0.4828,0,1800,0,1
TXN-00496,CUST-043,1074.05,1667.56,610.35,-0.9724,0,1,0,0,0,SUCCESS,SCN-001,BESCOM Electricity,Bangalore Electricity Supply Company Ltd,0.4828,0,1800,0,1
TXN-00425,CUST-037,1233.27,1345.21,511.82,-0.2187,0,0,0,0,0,SUCCESS,SCN-001,Amazon India,Amazon Seller Services Pvt Ltd,0.4286,0,2000,0,1
TXN-00362,CUST-032,3888.39,2540.06,784.59,1.7185,0,0,0,0,0,SUCCESS,SCN-001,BESCOM Electricity,Bangalore Electricity Supply Company Ltd,0.4828,0,1800,0,1
TXN-00142,CUST-013,2178.79,2087.45,473.9,0.1927,0,1,0,1,0,SUCCESS,SCN-001,Amazon India,Amazon Seller Services Pvt Ltd,0.4286,0,2000,0,1
TXN-00428,CUST-038,996.08,517.98,595.49,0.8029,0,1,0,0,0,SUCCESS,SCN-001,Amazon India,Amazon Seller Services Pvt Ltd,0.4286,0,2000,0,1
TXN-00021,CUST-002,260.97,717.35,395.35,-1.1544,0,1,0,0,0,SUCCESS,SCN-001,Amazon India,Amazon Seller Services Pvt Ltd,0.4286,0,2000,0,1
TXN-00192,CUST-017,1522.04,1027.46,760.04,0.6507,0,1,0,0,0,SUCCESS,SCN-001,Amazon India,Amazon Seller Services Pvt Ltd,0.4286,0,2000,0,1
TXN-00377,CUST-033,1960.16,2149.38,762.79,-0.2481,0,1,0,0,0,SUCCESS,SCN-001,Amazon India,Amazon Seller Services Pvt Ltd,0.4286,0,2000,0,1
TXN-00578,CUST-050,50.0,505.39,373.3,-1.2199,0,1,0,0,0,SUCCESS,SCN-001,BESCOM Electricity,Bangalore Electricity Supply Company Ltd,0.4828,0,1800,0,1
TXN-00042,CUST-004,1076.58,1548.8,414.45,-1.1394,0,1,0,0,0,SUCCESS,SCN-001,Amazon India,Amazon Seller Services Pvt Ltd,0.4286,0,2000,0,1
TXN-00340,CUST-030,1639.97,1721.51,178.31,-0.4573,0,1,0,0,0,SUCCESS,SCN-001,Amazon India,Amazon Seller Services Pvt Ltd,0.4286,0,2000,0,1
TXN-00364,CUST-032,3025.95,2540.06,784.59,0.6193,0,1,0,1,0,SUCCESS,SCN-001,BESCOM Electricity,Bangalore Electricity Supply Company Ltd,0.4828,0,1800,0,1
TXN-00546,CUST-048,1845.07,2815.92,694.09,-1.3987,0,1,0,0,0,SUCCESS,SCN-001,BESCOM Electricity,Bangalore Electricity Supply Company Ltd,0.4828,0,1800,0,1
TXN-00154,CUST-014,50.0,1448.64,792.67,-1.7645,0,0,0,0,0,SUCCESS,SCN-001,BESCOM Electricity,Bangalore Electricity Supply Company Ltd,0.4828,0,1800,0,1
TXN-00401,CUST-035,1997.89,2282.37,379.29,-0.75,0,0,0,0,0,SUCCESS,SCN-001,BESCOM Electricity,Bangalore Electricity Supply Company Ltd,0.4828,0,1800,0,1
TXN-00075,CUST-007,1023.64,1161.3,130.42,-1.0555,0,0,0,0,0,SUCCESS,SCN-001,Amazon India,Amazon Seller Services Pvt Ltd,0.4286,0,2000,0,1
TXN-00183,CUST-017,951.67,1027.46,760.04,-0.0997,0,0,0,1,0,SUCCESS,SCN-001,BESCOM Electricity,Bangalore Electricity Supply Company Ltd,0.4828,0,1800,0,1
TXN-00368,CUST-032,2946.66,2540.06,784.59,0.5182,0,0,0,2,0,SUCCESS,SCN-001,BESCOM Electricity,Bangalore Electricity Supply Company Ltd,0.4828,0,1800,0,1
TXN-00218,CUST-020,1981.55,2367.53,399.9,-0.9652,0,0,0,0,0,SUCCESS,SCN-001,Amazon India,Amazon Seller Services Pvt Ltd,0.4286,0,2000,0,1
TXN-00443,CUST-039,3176.23,2763.55,701.74,0.5881,0,0,0,0,0,SUCCESS,SCN-001,Amazon India,Amazon Seller Services Pvt Ltd,0.4286,0,2000,0,1
TXN-00101,CUST-009,1975.6,2713.63,353.14,-2.0899,0,1,0,0,0,SUCCESS,SCN-001,Amazon India,Amazon Seller Services Pvt Ltd,0.4286,0,2000,0,1
TXN-00353,CUST-031,272.92,644.81,714.61,-0.5204,0,1,0,0,0,SUCCESS,SCN-001,Amazon India,Amazon Seller Services Pvt Ltd,0.4286,0,2000,0,1
TXN-00435,CUST-038,362.08,517.98,595.49,-0.2618,0,1,0,1,0,SUCCESS,SCN-001,BESCOM Electricity,Bangalore Electricity Supply Company Ltd,0.4828,0,1800,0,1
TXN-00247,CUST-022,1382.78,2389.46,702.77,-1.4324,0,1,0,0,0,SUCCESS,SCN-001,Amazon India,Amazon Seller Services Pvt Ltd,0.4286,0,2000,0,1
TXN-00530,CUST-046,1416.9,1196.36,274.86,0.8024,0,1,0,0,0,SUCCESS,SCN-001,Amazon India,Amazon Seller Services Pvt Ltd,0.4286,0,2000,0,1
TXN-00381,CUST-033,1152.78,2149.38,762.79,-1.3065,0,0,0,0,0,SUCCESS,SCN-001,Amazon India,Amazon Seller Services Pvt Ltd,0.4286,0,2000,0,1
TXN-00152,CUST-014,2006.63,1448.64,792.67,0.7039,0,0,0,0,0,SUCCESS,SCN-001,BESCOM Electricity,Bangalore Electricity Supply Company Ltd,0.4828,0,1800,0,1
TXN-00511,CUST-044,1808.37,1506.55,337.51,0.8943,0,0,0,0,0,SUCCESS,SCN-001,BESCOM Electricity,Bangalore Electricity Supply Company Ltd,0.4828,0,1800,0,1
TXN-00066,CUST-006,1600.55,755.53,365.95,2.3091,0,0,0,0,0,SUCCESS,SCN-001,Amazon India,Amazon Seller Services Pvt Ltd,0.4286,0,2000,0,1
TXN-00398,CUST-035,2381.6,2282.37,379.29,0.2616,0,0,0,0,0,SUCCESS,SCN-001,Amazon India,Amazon Seller Services Pvt Ltd,0.4286,0,2000,0,1
TXN-00276,CUST-024,1323.55,1128.54,487.26,0.4002,0,0,0,0,0,SUCCESS,SCN-001,Amazon India,Amazon Seller Services Pvt Ltd,0.4286,0,2000,0,1
TXN-00045,CUST-004,1626.75,1548.8,414.45,0.1881,0,1,0,0,0,SUCCESS,SCN-001,BESCOM Electricity,Bangalore Electricity Supply Company Ltd,0.4828,0,1800,0,1
TXN-00342,CUST-030,1671.19,1721.51,178.31,-0.2822,0,1,0,0,0,SUCCESS,SCN-001,Amazon India,Amazon Seller Services Pvt Ltd,0.4286,0,2000,0,1
TXN-00028,CUST-002,280.02,717.35,395.35,-1.1062,0,1,0,0,0,SUCCESS,SCN-001,BESCOM Electricity,Bangalore Electricity Supply Company Ltd,0.4828,0,1800,0,1
TXN-00020,CUST-002,696.1,717.35,395.35,-0.0537,0,1,1,1,0,SUCCESS,SCN-001,BESCOM Electricity,Bangalore Electricity Supply Company Ltd,0.4828,0,1800,0,1
TXN-00564,CUST-049,2636.17,1703.4,705.26,1.3226,0,0,0,0,0,SUCCESS,SCN-001,Amazon India,Amazon Seller Services Pvt Ltd,0.4286,0,2000,0,1
TXN-00034,CUST-003,1068.18,1081.65,521.41,-0.0258,0,0,0,0,0,SUCCESS,SCN-001,Amazon India,Amazon Seller Services Pvt Ltd,0.4286,0,2000,0,1
TXN-00354,CUST-031,921.71,644.81,714.61,0.3875,0,0,0,0,0,SUCCESS,SCN-001,BESCOM Electricity,Bangalore Electricity Supply Company Ltd,0.4828,0,1800,0,1
TXN-00486,CUST-042,50.0,735.81,561.29,-1.2218,0,0,0,0,0,SUCCESS,SCN-001,BESCOM Electricity,Bangalore Electricity Supply Company Ltd,0.4828,0,1800,0,1
TXN-00225,CUST-020,1900.89,2367.53,399.9,-1.1669,0,0,0,0,0,SUCCESS,SCN-001,BESCOM Electricity,Bangalore Electricity Supply Company Ltd,0.4828,0,1800,0,1
TXN-00234,CUST-021,2010.87,1048.3,798.28,1.2058,0,1,0,0,0,SUCCESS,SCN-001,BESCOM Electricity,Bangalore Electricity Supply Company Ltd,0.4828,0,1800,0,1
TXN-00519,CUST-045,649.04,978.98,475.4,-0.694,0,1,0,0,0,SUCCESS,SCN-001,Amazon India,Amazon Seller Services Pvt Ltd,0.4286,0,2000,0,1
TXN-00319,CUST-028,1727.49,2022.43,206.99,-1.4249,0,1,0,0,0,SUCCESS,SCN-001,BESCOM Electricity,Bangalore Electricity Supply Company Ltd,0.4828,0,1800,0,1
TXN-00482,CUST-042,205.0,735.81,561.29,-0.9457,0,1,0,1,0,SUCCESS,SCN-001,BESCOM Electricity,Bangalore Electricity Supply Company Ltd,0.4828,0,1800,0,1
TXN-00113,CUST-011,997.05,1450.32,417.39,-1.086,0,1,0,0,0,SUCCESS,SCN-001,Amazon India,Amazon Seller Services Pvt Ltd,0.4286,0,2000,0,1
TXN-00209,CUST-019,1011.53,1162.2,272.64,-0.5526,0,1,0,0,0,SUCCESS,SCN-001,Amazon India,Amazon Seller Services Pvt Ltd,0.4286,0,2000,0,1
TXN-00390,CUST-034,2507.52,2681.08,396.2,-0.4381,0,1,0,0,0,SUCCESS,SCN-001,BESCOM Electricity,Bangalore Electricity Supply Company Ltd,0.4828,0,1800,0,1
TXN-00358,CUST-031,1015.26,644.81,714.61,0.5184,0,0,0,1,0,SUCCESS,SCN-001,BESCOM Electricity,Bangalore Electricity Supply Company Ltd,0.4828,0,1800,0,1
TXN-00039,CUST-003,1016.34,1081.65,521.41,-0.1253,0,0,0,1,0,SUCCESS,SCN-001,BESCOM Electricity,Bangalore Electricity Supply Company Ltd,0.4828,0,1800,0,1
TXN-00459,CUST-040,1973.97,1196.19,439.79,1.7685,0,0,0,0,0,SUCCESS,SCN-001,Amazon India,Amazon Seller Services Pvt Ltd,0.4286,0,2000,0,1
TXN-00573,CUST-050,1405.71,505.39,373.3,2.4118,0,0,0,0,0,SUCCESS,SCN-001,Amazon India,Amazon Seller Services Pvt Ltd,0.4286,0,2000,0,1
TXN-00532,CUST-046,1587.66,1196.36,274.86,1.4236,0,1,0,0,0,SUCCESS,SCN-001,Amazon India,Amazon Seller Services Pvt Ltd,0.4286,0,2000,0,1
TXN-00220,CUST-020,2591.85,2367.53,399.9,0.5609,0,1,0,0,0,SUCCESS,SCN-001,Amazon India,Amazon Seller Services Pvt Ltd,0.4286,0,2000,0,1
TXN-00473,CUST-041,2002.87,1940.53,270.1,0.2308,0,0,0,0,0,SUCCESS,SCN-001,BESCOM Electricity,Bangalore Electricity Supply Company Ltd,0.4828,0,1800,0,1
TXN-00416,CUST-037,1146.05,1345.21,511.82,-0.3891,0,0,0,0,0,SUCCESS,SCN-001,BESCOM Electricity,Bangalore Electricity Supply Company Ltd,0.4828,0,1800,0,1
TXN-00558,CUST-048,2363.97,2815.92,694.09,-0.6511,0,0,0,0,0,SUCCESS,SCN-001,BESCOM Electricity,Bangalore Electricity Supply Company Ltd,0.4828,0,1800,0,1
TXN-00004,CUST-001,2199.56,2353.88,271.42,-0.5686,0,0,0,0,0,SUCCESS,SCN-001,Amazon India,Amazon Seller Services Pvt Ltd,0.4286,0,2000,0,1
TXN-00006,CUST-001,2258.0,2353.88,271.42,-0.3533,0,0,1,1,0,SUCCESS,SCN-001,Amazon India,Amazon Seller Services Pvt Ltd,0.4286,0,2000,0,1
TXN-00008,CUST-001,2442.4,2353.88,271.42,0.3261,0,0,2,2,0,SUCCESS,SCN-001,Amazon India,Amazon Seller Services Pvt Ltd,0.4286,0,2000,0,1
TXN-00466,CUST-040,1751.05,1196.19,439.79,1.2616,0,1,0,0,0,SUCCESS,SCN-001,BESCOM Electricity,Bangalore Electricity Supply Company Ltd,0.4828,0,1800,0,1
TXN-00137,CUST-013,1313.14,2087.45,473.9,-1.6339,0,1,0,0,0,SUCCESS,SCN-001,BESCOM Electricity,Bangalore Electricity Supply Company Ltd,0.4828,0,1800,0,1
TXN-00197,CUST-018,1914.59,2138.6,376.94,-0.5943,0,1,0,0,0,SUCCESS,SCN-001,Amazon India,Amazon Seller Services Pvt Ltd,0.4286,0,2000,0,1
TXN-00117,CUST-011,1222.84,1450.32,417.39,-0.545,0,1,0,0,0,SUCCESS,SCN-001,Amazon India,Amazon Seller Services Pvt Ltd,0.4286,0,2000,0,1
TXN-00139,CUST-013,3168.63,2087.45,473.9,2.2815,0,0,0,1,0,SUCCESS,SCN-001,BESCOM Electricity,Bangalore Electricity Supply Company Ltd,0.4828,0,1800,0,1
TXN-00541,CUST-047,1866.81,744.77,556.5,2.0162,0,0,0,0,0,SUCCESS,SCN-001,BESCOM Electricity,Bangalore Electricity Supply Company Ltd,0.4828,0,1800,0,1
TXN-00226,CUST-020,2366.15,2367.53,399.9,-0.0035,0,1,0,0,0,SUCCESS,SCN-001,Amazon India,Amazon Seller Services Pvt Ltd,0.4286,0,2000,0,1
TXN-00431,CUST-038,1583.21,517.98,595.49,1.7888,0,1,0,0,0,SUCCESS,SCN-001,BESCOM Electricity,Bangalore Electricity Supply Company Ltd,0.4828,0,1800,0,1
TXN-00553,CUST-048,3261.49,2815.92,694.09,0.6419,0,1,0,0,0,SUCCESS,SCN-001,Amazon India,Amazon Seller Services Pvt Ltd,0.4286,0,2000,0,1
TXN-00273,CUST-024,1694.25,1128.54,487.26,1.161,0,1,0,0,0,SUCCESS,SCN-001,BESCOM Electricity,Bangalore Electricity Supply Company Ltd,0.4828,0,1800,0,1
TXN-00229,CUST-020,2636.61,2367.53,399.9,0.6729,0,0,0,1,0,SUCCESS,SCN-001,BESCOM Electricity,Bangalore Electricity Supply Company Ltd,0.4828,0,1800,0,1
TXN-00585,CUST-050,335.23,505.39,373.3,-0.4558,0,0,0,0,0,SUCCESS,SCN-001,Amazon India,Amazon Seller Services Pvt Ltd,0.4286,0,2000,0,1
TXN-00335,CUST-030,1822.64,1721.51,178.31,0.5672,0,0,0,0,0,SUCCESS,SCN-001,BESCOM Electricity,Bangalore Electricity Supply Company Ltd,0.4828,0,1800,0,1
TXN-00432,CUST-038,1036.31,517.98,595.49,0.8704,0,1,0,1,0,SUCCESS,SCN-001,Amazon India,Amazon Seller Services Pvt Ltd,0.4286,0,2000,0,1
TXN-00436,CUST-038,50.0,517.98,595.49,-0.7859,0,1,0,1,0,SUCCESS,SCN-001,Amazon India,Amazon Seller Services Pvt Ltd,0.4286,0,2000,0,1
TXN-00487,CUST-042,415.21,735.81,561.29,-0.5712,0,1,0,0,0,SUCCESS,SCN-001,Amazon India,Amazon Seller Services Pvt Ltd,0.4286,0,2000,0,1
TXN-00140,CUST-013,2584.8,2087.45,473.9,1.0495,0,1,0,0,0,SUCCESS,SCN-001,Amazon India,Amazon Seller Services Pvt Ltd,0.4286,0,2000,0,1
TXN-00050,CUST-005,2153.44,2245.35,338.18,-0.2718,0,1,0,0,0,SUCCESS,SCN-001,Amazon India,Amazon Seller Services Pvt Ltd,0.4286,0,2000,0,1
TXN-00366,CUST-032,3615.23,2540.06,784.59,1.3704,0,1,0,0,0,SUCCESS,SCN-001,BESCOM Electricity,Bangalore Electricity Supply Company Ltd,0.4828,0,1800,0,1
TXN-00576,CUST-050,1013.31,505.39,373.3,1.3606,0,1,0,1,0,SUCCESS,SCN-001,BESCOM Electricity,Bangalore Electricity Supply Company Ltd,0.4828,0,1800,0,1
TXN-00063,CUST-006,1205.99,755.53,365.95,1.2309,0,1,0,0,0,SUCCESS,SCN-001,BESCOM Electricity,Bangalore Electricity Supply Company Ltd,0.4828,0,1800,0,1
TXN-00177,CUST-016,2382.7,2554.51,663.53,-0.2589,0,1,0,0,0,SUCCESS,SCN-001,Amazon India,Amazon Seller Services Pvt Ltd,0.4286,0,2000,0,1
TXN-00227,CUST-020,2314.74,2367.53,399.9,-0.132,0,1,0,1,0,SUCCESS,SCN-001,BESCOM Electricity,Bangalore Electricity Supply Company Ltd,0.4828,0,1800,0,1
TXN-00355,CUST-031,885.57,644.81,714.61,0.3369,0,1,0,0,0,SUCCESS,SCN-001,Amazon India,Amazon Seller Services Pvt Ltd,0.4286,0,2000,0,1
TXN-00535,CUST-047,654.1,744.77,556.5,-0.1629,0,0,0,0,0,SUCCESS,SCN-001,BESCOM Electricity,Bangalore Electricity Supply Company Ltd,0.4828,0,1800,0,1
TXN-00250,CUST-022,1336.66,2389.46,702.77,-1.4981,0,0,0,0,0,SUCCESS,SCN-001,BESCOM Electricity,Bangalore Electricity Supply Company Ltd,0.4828,0,1800,0,1
TXN-00157,CUST-015,3115.95,2211.54,690.0,1.3107,0,1,0,0,0,SUCCESS,SCN-001,Amazon India,Amazon Seller Services Pvt Ltd,0.4286,0,2000,0,1
TXN-00035,CUST-003,709.45,1081.65,521.41,-0.7138,0,1,0,0,0,SUCCESS,SCN-001,BESCOM Electricity,Bangalore Electricity Supply Company Ltd,0.4828,0,1800,0,1
TXN-00361,CUST-031,1566.22,644.81,714.61,1.2894,0,1,0,1,0,SUCCESS,SCN-001,Amazon India,Amazon Seller Services Pvt Ltd,0.4286,0,2000,0,1
TXN-00424,CUST-037,1682.42,1345.21,511.82,0.6588,0,1,0,0,0,SUCCESS,SCN-001,BESCOM Electricity,Bangalore Electricity Supply Company Ltd,0.4828,0,1800,0,1
TXN-00407,CUST-036,2611.72,2749.04,416.04,-0.3301,0,1,0,0,0,SUCCESS,SCN-001,Amazon India,Amazon Seller Services Pvt Ltd,0.4286,0,2000,0,1
TXN-BENCH-005,CUST-036,12450.0,2749.04,416.04,23.3174,1,1,0,1,0,BLOCKED,SCN-010,BESCOM Power Supply,Rajesh Kumar Private Account,0.2128,1,3,1,0
TXN-BENCH-004,CUST-025,85000.0,2377.19,638.02,129.4988,1,1,0,0,1,VERIFY_REQUIRED,SCN-007,Amazon India,Amazon Seller Services Pvt Ltd,0.4286,0,2000,0,1
TXN-BENCH-003,CUST-034,1499.0,2681.08,396.2,-2.9835,1,1,0,0,0,HELD,SCN-004,India Post Customs,Logistics Collector Private,0.2222,1,5,1,0
TXN-BENCH-002,CUST-032,15000.0,2540.06,784.59,15.8808,1,1,0,0,0,BLOCKED,SCN-003,State Bank of India,Karan Sharma Personal,0.35,1,1,1,0
TXN-BENCH-001,CUST-012,8742.0,1425.45,246.65,29.6637,1,1,0,0,0,BLOCKED,SCN-002,BESCOM Electricity Board,Rajesh Kumar Private Account,0.1923,1,3,1,0
